:020000040800F2
:10000000505B0020B1BD000845BE00088DBC000853
:1000100047BE000849BE00084BBE000800000000B3
:100020000000000000000000000000004DBE0008BD
:100030004FBE000800000000D1A900085BAF000817
:10004000D1BE0008D5BE0008D9BE0008DDBE00083C
:10005000E1BE0008E5BE0008E9BE0008EDBE0008EC
:10006000F1BE0008F5BE0008F9BE0008FDBE00089C
:1000700001BF000805BF000809BF0008DB34000805
:100080000DBF000811BF000815BF000819BF000808
:10009000795300081DBF000821BF000825BF0008D4
:1000A00029BF00082DBF000831BF000835BF000878
:1000B000EF290008E734000839BF00083DBF0008F9
:1000C00041BF000845BF000849BF00084DBF0008F8
:1000D00051BF0008B348000855BF000859BF0008C9
:1000E0005DBF000861BF000865BF000869BF000868
:1000F0006DBF000871BF000875BF000879BF000818
:100100007DBF00080D8D000881BF000885BF000875
:1001100089BF00088DBF000891BF000895BF000887
:1001200099BF00089DBF0008A1BF0008238D0008EB
:10013000A5BF0008A9BF0008ADBF0008B1BF0008F7
:10014000AD550008B5BF0008B9BF0008BDBF000825
:10015000C1BF0008178D0008C5BF0008C9BF00084F
:10016000CDBF0008D1BF0008D5BF0008D9BF000827
:10017000DDBF0008E1BF0008E5BF00080000000087
:10018000E9BF0008EDBF00082DE9F14FB0B092467D
:1001900004910DF142013A9A2B9199464A70002040
:1001A0000AE01AF8011B0498309A9047002804903E
:1001B00000F0B4860D98401C0D909AF8000050B1E4
:1001C0002528EED1002100220791089209910A9278
:1001D0000B910C9204E00D9800F0A2BE41F00101D9
:1001E0001AF8010F2028F9D023280CD02B2804D08E
:1001F0002D2805D0302809D00BE041F00201EFE7AF
:1002000041F00401ECE741F00801E9E741F0100199
:10021000E6E72A280FD1D9F8002052F8040BC9F8D4
:10022000002000280F9003D540420F9041F00401B8
:100230000AF1010A14E00F92DFF824380AE00F985F
:10024000984205DA00EB800402EB4402303A0F9248
:100250000AF1010A9AF80020A2F130000A28EED330
:100260009AF800002E2803D04FF0FF320E9229E0BA
:100270001AF8010F2A2809D1D9F8000050F8042BE8
:10028000C9F800000E920AF1010A1BE02D280CBFEC
:100290000AF1010A002000220E92DFF8C4470BE0A9
:1002A00040B90E9AA24205DA02EB820503EB450340
:1002B000303B0E930AF1010A9AF80030A3F13002A4
:1002C0000A2AEDD3ADF84010DFF89807784400F221
:1002D00094709AF8001000F055FF08B11AF8010B5D
:1002E0008DF842009DF84200682805D19AF8000078
:1002F00068280CD1622106E06C2804BF9AF800003F
:100300006C2804D171218DF842100AF1010A12A85B
:1003100006901AF801BBBBF125012CD01C3900F066
:10032000D081091F022940F2CC81133900F02185C8
:10033000093900F0C681891E00F0B685491E00F01B
:100340006385491E022940F2BC81091F00F05C85CB
:10035000491F00F02881491E00F00B85491E00F05E
:10036000D080C91E0DD0891E00F00385C91E00F083
:10037000008500F0A4BD25238DF84830012100F050
:10038000A9BDD9F8000050F8044BC9F80000002CB2
:10039000059440F0A3802B994878002800F09980BC
:1003A0004FF0FF340FF6803000F004FF201A40F0C9
:1003B000B58500F090BD6D1E40F0A7853096079D75
:1003C00012AF75B1309E17F8012B02A9304600F02C
:1003D00071FE002801D46D1EF5D10028309640F042
:1003E0009D850A9D3020002D8DF804000CDD309E87
:1003F000012301AA02A9304600F06CFE002840F05B
:100400008D856D1EF4D13096059F089D75B1309E87
:1004100017F8012B02A9304600F04CFE002801D449
:100420006D1EF5D10028309640F078850B9D302068
:10043000002D8DF804000CDD309E012301AA02A9D5
:10044000304600F047FE002840F068856D1EF4D16C
:10045000309605980899099D471875B1309E17F890
:10046000012B02A9304600F025FE002801D46D1EA4
:10047000F5D10028309640F051850C9D3020002D9C
:100480008DF804000CDD309E012301AA02A930463C
:1004900000F020FE002840F041856D1EF4D130961A
:1004A0009DF8400041077FF588AE2020002C8DF894
:1004B00004007FF782AE309D012301AA02A92846DD
:1004C00000F008FE002840F02985641EF4D1309524
:1004D00073E60FF66040059000F0FDBC0E9D002D08
:1004E00004D5204600F086FE044607E02A46204652
:1004F00000F09CFE002814BF041B2C46089400F05A
:10050000EABCD9F8001051F8040BC9F8001020F02B
:100510000004002121F0FF3512ABCDE9024505931F
:10052000DDE9022306993C2413B90AB90E9898B163
:1005300002F00F053035641EEEB23A2EA8BF273503
:10054000120942EA03721B090D5508BF002A03D0A5
:1005500005980D19A842EBD308190590C4F13C0287
:100560000E98089282420ADABDF84010821A4FF6BD
:10057000EF7001400A92ADF8401000F0ACBC0028CA
:1005800040F1A9849DF8400000F01400102840F0CC
:10059000A2840F9B07990A985B1A1B1A9A1A002AC1
:1005A00040F39984E3E32B99487820B14FF0FF346E
:1005B0000FF65030F8E69DF84200622861D06828B6
:1005C00017D06A283FD06C2806D0712847D07428ED
:1005D0002CD07A281DD064E0D9F8001051F8040B13
:1005E000C9F80010002868D14FF0FF340FF62C3006
:1005F000DAE6D9F8001051F8040BC9F8001020B958
:100600004FF0FF340FF61430CEE60D99018000F064
:1006100062BCD9F8001051F8040BC9F8001000288A
:100620004BD14FF0FF340FF6F420BDE6D9F800109F
:1006300051F8040BC9F8001000283ED14FF0FF34E8
:100640000FF6D820B0E6D9F8001051F8040BC9F81D
:10065000001080B94FF0FF340FF6C020A4E6D9F89F
:10066000001051F8040BC9F8001020B94FF0FF3406
:100670000FF6A82098E60D9AD317C0E9002300F0E2
:100680002ABCD9F8001051F8040BC9F8001020B9A1
:100690004FF0FF340FF6842086E60D99017000F0CC
:1006A0001ABCD9F8001051F8040BC9F8001020B991
:1006B0004FF0FF340FF6642076E60D99016000F0EC
:1006C0000ABCD9F80020D21D22F00702C9F8002088
:1006D000D2E900010832C9F80020CDE90201C80FB3
:1006E00002D007982D210AE0BDF84000810702D50D
:1006F00007982B2103E0C00705D50798202112AAEF
:100700001154401C079012A807994BF0200243187F
:10071000DDE90201CDE92C01612A059321AC0BD062
:100720000E98002802D506200E9005E001BF4BF080
:100730002000672801210E91DDE9020148004015E3
:10074000401C0A460DD109030BD0ABF16105032013
:100750001A2D089002D20FF6E0110DE00FF6DC1111
:100760000AE070B912030CD1ABF1610503201A2D18
:1007700008901AD30FF6CC110322184600F082FD20
:10078000A9E3DDE90201CDE92E01DDE92E2323F005
:100790000047B7F5801F22F000060DD20022002F7F
:1007A00008BF002E009203D116E00FF69411E3E784
:1007B0006A4600F0BBFD0FE0DFF8D808DFF8D81874
:1007C00000EB17500090DDE92E234FF0FF30194069
:1007D000DFF8C87810403943CDE902014BF0200022
:1007E00061280DD1059830210170821CBBF1610F89
:1007F00005920CBF7821582141700798801C079002
:10080000DDE9020120F0000231F0004308BF002AB8
:1008100002D10026002567E14BF02008B8F1610FF6
:1008200040F0B4800E98002847BF21210191401C60
:100830000190019FDDE92C017F1C00220023DDE9EE
:10084000024500F0ABFD00998DF8842038BF85F09B
:100850000045091F002F00910DF1850653DD20464C
:1008600029460022002300F0B1FD4CD24800400D83
:1008700000F11C0312D0002B10DD40F2FF70834208
:1008800006DBDFF81C1805F000421143002011E0E0
:100890006FF31E5141EA035120460BE024F00000A3
:1008A00035F0004108BF00280FBF29461C22294609
:1008B00000F0A4FD04460D4600F03EFEFF1F002F91
:1008C000804609DD00F056FE02460B4620462946CA
:1008D00000F062FE04460D46F01D0721B8F1000F3E
:1008E0000CDD491E5EBF08F00F0200F8012D4FEA33
:1008F0002818F3D502E0002200F8012D491EFAD590
:10090000C61D002FABDC0DF18500361A019886421A
:10091000D8BF304600280DF1850430D4B04206DA45
:100920000DF185010A5C082AA8BF0F2100DA002119
:10093000024621AB134400E0401E13F80159521E39
:100940008D42F9D00F2904D10DF185018B5C5B1C20
:100950008B54002A04D50099091D21AC401C00913C
:10096000411E0CD46218ABF13A0613783033DDB275
:100970003A2DA8BFF318491E02F80139F5D50E9992
:10098000002940F1AF80421E0E92ABE00099DFF8E3
:10099000142747F29750414391FBF2F2DDE92C45D1
:1009A000009225F00045D2F1070204DD20462946D9
:1009B00000F04DFB0BE052420020DFF8EC1600F097
:1009C00046FB02460B462046294600F057FE0446E9
:1009D000B8F1660F0E9806BF009F0A3706273F182A
:1009E000142FC8BF142730200D468DF884000DF158
:1009F0008506002F38DD2046294600F063FF0146BA
:100A00000A4606F1080304200A26B2FBF6F606EBB6
:100A1000860EA2EB4E02303203F8012C0A22B6FBFE
:100A2000F2F202EB820EA6EB4E063036401E03F8C1
:100A3000026DE9D1083F002F03F10806D9DD084611
:100A400000F054FF02460B462046294600F0A4FD64
:100A50000022DFF8583600F057FF04460D46CAE77B
:100A6000CBCCCC0C64B400000DF18500361A0DF12E
:100A7000850404E00098401E761E0090641C2078D7
:100A80003028F7D0B8F1660F02D10099491C04E074
:100A9000B8F1650F0CBF012100210E98081886429D
:100AA000B8BF701E00281DD4B04204DA215C34297E
:100AB000C8BF392100DC30210246631E9D1800E0CA
:100AC000401E15F80169521E8E42F9D0392902D113
:100AD000A15C491CA154002A04D50099491C1C465C
:100AE000401C00910646009D00F0F0FF406A077828
:100AF000DDF8388030B2002802DC01260FF24864AD
:100B00004BF02000662808BF6D1C16D0672846D120
:100B100028B210F1040F48DB404546DA9DF840004A
:100B20006D1C010703D430B24045B8BF804628B2DF
:100B3000B8EB000848BF4FF000080FFA85FBBBF187
:100B4000000F00F3B5800898411C089130220599E8
:100B50000A54B8F1000F03DC9DF84000010704D5EA
:100B60000898411C089105990F5418EB0B0FB8BF5A
:100B7000C8F100052DB268420B90A84432B29045EE
:100B8000B8BF4646059B089836B2099632462146BC
:100B9000184400F077FBA8EB06000C90D2E0BBF104
:100BA000610F17D14FF0700B19E030B2404504DAF5
:100BB0009DF840100A0758BF8046B8F1010848BFA9
:100BC0004FF00008BBF1670F14BF4FF0450B4FF01B
:100BD000650B04E0BBF1410F08BF4FF0500B0898C4
:100BE000411C0891B8F1000F059914F8012B0A5423
:100BF00003DC9DF8400001071AD50898411C0891B4
:100C0000B8F1000F05990F5412DD761E30B2804501
:100C10000598089BB8BF464632B22146184400F0FA
:100C200031FB089936B271180891A8EB06000B90B9
:100C300005980899084429B2002980F800B003D427
:100C40002B224270821C04E02D2242700D46821C31
:100C50006D4200212CAB28460AE004460A2094FB92
:100C6000F0F000EB8005A4EB450403F8014B491CB0
:100C700000B20028F1DC012906DC4BF020006528D9
:100C800004BF302002F8010B00292CAB08D1302022
:100C900002F8010B06E0491E585C303002F8010BE7
:100CA0000029F8DC059908980844121A099249E0CD
:100CB00030B229B288421CDA0598089B32B221462C
:100CC000184400F0DFFA089936B27118ABEB06064B
:100CD000B8F1000F08910B9603DC9DF84000020765
:100CE00004D5059847540999491C0991CDF83080DD
:100CF00028E00598089B2AB22146184400F0C2FA61
:100D00000898761B5844B8F1000F089003DC9DF852
:100D100040100A0703D5411C089105990F5430B2C1
:100D200080450598089BB8BF464632B204EB0B01DC
:100D3000184400F0A7FA089836B230180890A8EBCB
:100D400006000B909DF8400000F01400102840F0C1
:100D5000C280079A08990B988A18099982180C98EA
:100D60008A1882180F98824280F2B580821A0A92FD
:100D7000B1E09DF84200622808D068280ED06A28A9
:100D800014D06C281FD0712810D01CE0D9F80010A6
:100D900051F8040BC9F80010C0B21AE0D9F80010DD
:100DA00051F8040BC9F8001080B212E0D9F8002005
:100DB000D21D22F00702C9F80020D2E90001083252
:100DC000C9F8002006E0D9F8001051F8040BC9F862
:100DD00000100021CDE902019DF8400001075AD51D
:100DE000DDE90223002B08BF002A54D04BF020007D
:100DF000782850D1079812A930220A54401C431C6D
:100E0000079301F800B046E09DF84200622808D040
:100E100068280ED06A2814D06C281FD0712810D0F2
:100E20001CE0D9F8001051F8040BC9F8001040B2CA
:100E30001AE0D9F8001051F8040BC9F8001000B2FC
:100E400012E0D9F80020D21D22F00702C9F80020D4
:100E5000D2E900010832C9F8002006E0D9F80010F4
:100E600051F8040BC9F80010C117CDE9020100299F
:100E700002D507982D210AE0BDF84000810702D570
:100E800007982B2103E0C00705D50798202112AA57
:100E90001154401C079012A807990144059102A81B
:100EA000594600F04FF816E001200790D9F80000ED
:100EB00050F8041BC9F800008DF848100BE02521FC
:100EC0000122BBF1000F8DF84810079203D08DF876
:100ED00049B0022107910F9A07980A990C9C121A9F
:100EE0000898521A0B99121A0998521A121A9DF858
:100EF0004000141B41073FF562AA2020002C8DF80A
:100F000004007FF75CAA309E2546012301AA02A9AE
:100F1000304600F0DFF800283FF44DAA4FF0FF30D4
:100F200031B0BDE8F08F00007072696E74665F7357
:100F30003A2062616420257320617267756D656E69
:100F4000740000002DE9FC4307466F293E6908BF85
:100F5000082405D041F02000782814BF0A2410246A
:100F60003C25D7E90023642918BF69299046994692
:100F700005D1002B03D5D8F1000869EB4909B9F177
:100F8000000F08BFB8F1000F0CD1386B50B9082C16
:100F900039D197F83800010735D530203B2586F840
:100FA0003B0030E08DF80010404649462246E317EA
:100FB00000F092FD3032D0B26D1E3A28019504DB6C
:100FC0009DF80000A0F151018A187255404649462B
:100FD0002246E31700F080FD80465FEA010908BF62
:100FE000B8F1000F03D0F86871198842DCD3082CDF
:100FF00009D197F83800010705D5705D302802D077
:101000006D1E30207055C5F13C02BA617119F9604E
:10101000386B824208DA821A3A624FF6EF70398FE3
:1010200001403987BDE8F38300280ED597F83800D2
:1010300000F01400102808D17B6B7969386A5B1ABC
:101040001B1A9A1A002AC8BF3A62BDE8F3832DE939
:10105000D04306460F4614464FF00008DFF8509084
:1010600012E0E00707D542464B463046394600F0CD
:101070004BFC06460F464046494642464B4600F06A
:1010800043FC641080468946002CEAD1304639463C
:10109000BDE8D08302FCFFFFFFFF0F800000E03FB0
:1010A0000000F07FA08601000000F03F84D7974148
:1010B0000000244010B503460C461146A06898472E
:1010C000A06020B1E06A401CE062002010BD4FF03B
:1010D000FF3010BDF8B505460E4617461C460020E9
:1010E0005CB117F8011BB068A847B06030B1F06A76
:1010F000401CF0620020641EF3D1F2BD4FF0FF30BF
:10110000F2BD00007072696E74665F733A20256EDE
:1011100020646973616C6C6F776564007072696ECE
:1011200074663A2062616420256E20617267756D75
:10113000656E7400000000006E616E004E414E004E
:10114000696E6600494E4600300030B4002513E059
:1011500050F8042BD30744BFA9F101039A18091FC3
:10116000042942F8045BFAD213468C0744BF158069
:101170009B1CC90748BF1D7050F8041B0029E7D10C
:1011800030BC7047C9B202788A421AB11CBF10F84D
:10119000012FF9E718BF002070478268521C826057
:1011A000426832B10268531C036011704168491EE5
:1011B0004160704780B500B906A005490B681BB1B6
:1011C00022220021984701E000F09EFD222002BD6E
:1011D00040570020636F6E73747261696E7420688B
:1011E000616E646C65723A20626164206D65737330
:1011F0006167650000F10103810704D010F8011B4D
:10120000820781B1FAD10268A2F10131914311F054
:10121000803104BF50F8042FF6E709BAB1FA81F122
:1012200000EBD100401CC01A70472E00C9B28307E2
:1012300006D0521E22D310F8013B9942F7D11FE08D
:10124000083A13D302F1040241EA012141EA0141C3
:1012500050F8043B121F21BF4B40A3F1013C2CEA84
:10126000030C1CF0803FF3D0C9B2001F083210F805
:10127000013B521E28BF91EA030FF8D818BF012086
:10128000401E704762B38B0708D0521E11F8013B15
:1012900000F8013B00F024808B07F6D1830740F073
:1012A000208000BF103A07D330B4B1E83810103AAC
:1012B000A0E83810F9D230BC530724BFB1E80810B9
:1012C000A0E8081044BF51F8043B40F8043BD207A3
:1012D00024BF31F8022B20F8022B44BF0B78037097
:1012E0007047121F17D35B0009D151F8043B20F857
:1012F000023B1B0C121F20F8023BF6D20BE051F808
:10130000043B00F8013B1B0A20F8023B1B0C121F98
:1013100000F8013BF3D238BF121D521E24BF11F852
:10132000013B00F8013BF8D87047430010B5144664
:1013300000F002F8226010BDC1F30A5343B14A0025
:1013400012F5001F28D2A3F2FE32A1EB0251704722
:1013500050EA410C20D001F0004C31EA0C01B1FA06
:1013600081F204BFB0FA80F3D2180B3AB2F1200335
:101370002CBF00FA03F1914041EA0C013EBFC2F1DB
:10138000200C20FA0CF319439040524240F2FD33F6
:10139000D21A01EB03517047002270474FF4001C32
:1013A0001CEB410F94BF1CEB430F09E041EA030C17
:1013B00050EA4C0C52EA0C0C03D2994208BF9042FE
:1013C000704714BF8B428242704700004FF4001CEC
:1013D0001CEB410F94BF1CEB430F09E041EA030CE7
:1013E00050EA4C0C52EA0C0C03D28B4208BF8242EA
:1013F000704714BF9942904270470000124254D483
:1014000040F2FF7C1CEA11530FD0634531D09B188A
:1014100063453CBF01EB0251704701F0004141EAD6
:101420000C510020AFF30080704750EA410320D0F8
:1014300001F0004C91EA0C011CD0B1FA81F30B3B96
:101440009A420DD9D21A994051EA0C01C3F1200CED
:1014500020FA0CFC61449840531C40F2FF7CD7E713
:10146000914041EA0C01C2F1200C20FA0CF319431F
:1014700090407047B0FA80F31533202BE0D3202A38
:10148000EED3203A203B9A4209D9D21A00FA03F14E
:1014900041EA0C010020531C40F2FF7CB8E700FA3F
:1014A00002F141EA0C0100207047524240F2FF7CF9
:1014B0001CEA11530DD06345DBD0B2EB030C3CBFEB
:1014C000A1EB025170470CF1010221EA035141F4F2
:1014D000801150EA410CCCD001F0004C352A27DCB9
:1014E00030B481EA0C01B2F1200309DAC2F1200321
:1014F000044601FA03F5D0402843D1409C400CE05B
:10150000C3F12002450020FA03F418BF44F001049F
:1015100021FA03F091400C43002174F1004550F191
:10152000000051EB0C01244230BC7FF47BAF7047CC
:101530006146002076E70000C1F30A5340F2FE3214
:101540009B1A14DDD3F120034FEAE17208DDC902D2
:1015500041EA505141F00040D84080185040704757
:1015600003F2E13010B1D24382F000407047002016
:1015700070470000C11768B14840401AB0FA80F2C5
:101580009040D21CC907C2F5846241EA025202EBC4
:10159000D02140057047000070B44FF0004591EA3B
:1015A000030F40F1B5836B40841A71EB030603D23D
:1015B000001BB141121973414FF4001C1CEB410F89
:1015C00034BF7CEB430442E00C0DA4EB1356352EE4
:1015D0004FDC45EAC323DB0A45EAC121C912B6F153
:1015E00020050DDD63FA05F6EB4086EA030512429D
:1015F00018BF45F00105C01851F100010CD213E0ED
:1016000062FA06F5F2405540F3415A40B340F340C8
:101610005A408018594107D349085FEA30005FEA11
:10162000350528BF45F0010501F58011420875F127
:10163000004250F1000041EB04514E0016F5001F2E
:1016400070BC38BF70470020090D090570471CEBBE
:10165000410F10D252EA43060BD0BCEB410F05D824
:101660000C0DAB43661E342EB6DD02E0AB43801892
:10167000594170BC704770BC70470000F0B540F233
:10168000FF7581EA030C0CF0004C15EA11541DBFE4
:1016900015EA1357AC42AF42E5E0BC41C1F3130178
:1016A000C3F31303801A994143F4801304D2641ED8
:1016B0004000494180185941C90241EA5051B1FBEB
:1016C000F3F603FB1611A2FB0675D7EBC020A94168
:1016D00002D2761E80185941C90241EA5051B1FB2D
:1016E000F3FE03FB1E11A2FB0E75D7EBC020A94130
:1016F00003D2AEF1010E80185941890241EA90519E
:10170000760546EA8E2EB1FBF3F603FB1611A2FB1B
:101710000675D7EB8020A94102D2761E8018594168
:10172000C90241EA50514EEA060EB1FBF3F603FB43
:101730001611A2FB0675D7EBC020A94102D2761E76
:1017400080185941C90241EA5051B1FBF3F703FB3C
:101750001711A2FB0735D3EBC020A94167F10007A1
:101760000CBF004247F0010766F3D5274FEA1E3150
:10177000B80814F5806412DDBD0775F1004250EB26
:101780000E5051EB045111F5801F5CBF41EA0C0172
:10179000F0BD4CF07F6141F0E0410020F0BDBD079D
:1017A0006D0840EA0E5041F48011D4F10104B4F107
:1017B00020060ADAC4F120060200E04001FA06F32E
:1017C000E1401843B24015430EE0342C13DCC6F15F
:1017D000200445EA40056D0820FA06F2154321FA77
:1017E00006F0A1400D43002175F1004250F10000C8
:1017F00051EB0C01F0BD00205FEA0C01F0BDCFB948
:1018000092185B41B3FA83F704BFB2FA82F6BF19AC
:101810000B3FB7F120062FBF02FA06F3BB40C7F11A
:10182000200622FA06F638BF3343BA401CB1E41949
:10183000641E33E77F4231F00041B1FA81F404BF06
:10184000B0FA80F6A4190B3CB4F120062FBF00FAC1
:1018500006F1A140C4F1200620FA06F638BF314354
:10186000A0403C1B1AE7AC421ABF05EA1357AF422F
:1018700012E050EA41061CBF52EA4306BFE750EAB5
:101880004107304661461CBF41EA0551F0BD52EAAE
:10189000430C08BFC143F0BD00204FF4001616EB07
:1018A000410F98BF16EB430F08BF16EB410F24BF43
:1018B000C14305E016EB430F0CBF61464CEA0551EE
:1018C000F0BD0000400D491840EA81200CD2490DBE
:1018D000A1F58061491C40F0004005DBD1F11F01FA
:1018E00054BFC840C017704700207047014648B138
:1018F000B0FA80F18840C91CC1F58461090501EB8B
:10190000D021400570470000B0B581EA030C0CF00F
:10191000004C40F2FF7515EA11541DBF15EA13572C
:10192000AC42AF4239E0E41923EA455343F4801353
:10193000C90241F0004141EA505EC7021100A7FB15
:10194000020200284FF00000EEFB01204FF00001E2
:10195000E3FB072118BF42F0010240180021494172
:10196000E3FB0E01A4F580640F0302D25200404154
:10197000494154F101046CDD470872F1004250F115
:10198000000051EB0451A1F580115CBF41EA0C014C
:10199000B0BD4CEA05510020B0BD05EA1357AC427A
:1019A00014BFAF4241E050EA410E1CBF52EA430E61
:1019B00002E061460020B0BD24423C441BD15FEAF6
:1019C000070EF6D0090302BF01460020AEF1140E47
:1019D000B1FA81F7AEEB070401FA07FE0C37C7F145
:1019E000200100FA07F7C8404EEA000E23EA4553EB
:1019F00043F48013A2E733F00043B3FA83F704BF44
:101A0000B2FA82FE77440B3FE41BB7F1200E2FBFE2
:101A100002FA0EF3BB40C7F1200E22FA0EFE38BFC9
:101A200043EA0E03BA40641C82E750EA410E14BF39
:101A300052EA430E6FF000014FF4001717EB430F0B
:101A40008ABF194617EB410FB5E74CEA0551002054
:101A5000B0BDD4F10104B4F120070FDAC4F12007BE
:101A6000520828BF42F0010210FA07F501FA07F701
:101A7000E1BF2A43E0403843E1400FE0352C98DCD9
:101A8000C7F1200452EA400220FA07F218BF42F0E0
:101A9000010231FA07F0A1400A43002172F100422D
:101AA00050F1000051EB0C01B0BD0000613807E0BF
:101AB00005E0A0F161011A2901D2012070474138E7
:101AC0001A288041C00F704701487047014870478D
:101AD000DC050020A4050020BBBBE1B1B2F5803FCE
:101AE00080F07E80022A1ED98C46B1FBF2F102FB07
:101AF00011C31B0443EA1043B3FBF2FC02FB1C338B
:101B000080B240EA0343B3FBF2F002FB103240EA3A
:101B10000C4000237047022A05D98446B0FBF2F03E
:101B200002FB10C270474AB105D100F0010249081A
:101B30005FEA3000704700220023704700F09EB932
:101B40000B000200002100207047904271EB030C53
:101B5000F6D3B3F5803F2FD2F0B5B3FA83F7B1FADD
:101B600081F4A7F10F0E3D1B5340CEF1200602FA7F
:101B70000EF2F3415340B5F10F0746D80F3C2C4409
:101B80004140C4F12006A040F1414140B1FBF3F6D1
:101B900003FB1611A2FB0645001BA94102D2761ECB
:101BA0008018594180EA010221FA0EF362FA0EF21E
:101BB00000215A403046F0BD30B4B1FBF3FC03FBCA
:101BC0001C11A2FB0C45001BA94103D2ACF1010C76
:101BD0008018594130BC02460B46604600217047D0
:101BE000B2F1807F65D3F0B5B2FA82F7B1FA81F431
:101BF000C7F10F063D1B22FA06F307F1110EF24161
:101C000020355A40B5F10F07B8D94140C4F120063C
:101C1000A040F1414140B1FBF3FC03FB1C11A2FBCE
:101C20000C45001BA94103D2BCF1010C801859419D
:101C30000F2F12D30F3FC90341EA5041B1FBF3F616
:101C400003FB1611A2FB0645D4EBC030A94102D21A
:101C5000761E8018594146EACC3C07B34140C7F193
:101C60002006B840F1414140B1FBF3F603FB1611E9
:101C7000A2FB0645001BA94102D2761E80185941DD
:101C800080EA010221FA0EF3C7F1200462FA0EF293
:101C90000CFA07F05A402CFA04F13043F0BD80EA08
:101CA000010221FA0EF3002162FA0EF260465A4058
:101CB000F0BD8C46B1FBF2F102FB11C31B0243EAFB
:101CC0001063B3FBF2FC02FB1C331B024CEA002046
:101CD00043EA1063B3FBF2FC02FB1C331B024CEA29
:101CE000002043EA1063B3FBF2FC02FB1C331B022F
:101CF0004CEA002043EA1063B3FBF2FC02FB1C3207
:101D00004CEA002000237047012000F0B9B8000021
:101D1000841A71EB030604D26E40001BB141121904
:101D200073414FF4001C1CEB410F34BF7CEB4306A6
:101D300083E00C0DA4EB1356362E00F37C80012EAD
:101D400045EAC32341DC43EA525312BFD202920256
:101D50005B08240545EAC12141EA5051D2EBC0207D
:101D6000994125D407D1B0FA80F610FA06F162D075
:101D70000020203608E0B1FA81F6B140C6F1200219
:101D800020FA02F21143B0404FEAF474B4EB465427
:101D900034F001064FEA74040AD8D6F50016760D21
:101DA00004F00044F04061FA06F25040F14048402F
:101DB000C00A40EA415021F0004128BF5FEA5005C7
:101DC00050F1000044EBD12135E0DB0A45EAC121A6
:101DD000C90AB6F120050EDD42EA0242120CC5F135
:101DE000200603FA06F6EB4042EA06056D429841EA
:101DF00061F100010DE062FA06F5F240554063FA28
:101E000006FC82EA0C02F3405A406D42904161EBBD
:101E1000030111F4801F05D1641E620502D06D001C
:101E20004041494121F48011430875F1004350F1CC
:101E3000000041EB045170BC70471CEB410F15D200
:101E400023F0004352EA43060BD04FEA4C0CBCEBA4
:101E5000410F04D80C0D661E342EB7DDEBE7801A57
:101E6000994150EA410608BF0021E4E708BF1CEB96
:101E7000430F28BF6FF00001DDE70000704700004E
:101E800080B5AFF30080024A11001820ABBEFBE71B
:101E90002600020010B50400002C01D1012014E03E
:101EA00094F83D00002805D1002084F83C00200073
:101EB00000F0B3FD022084F83D00211D206800F0F1
:101EC000B5FB012084F83D00002010BD022180F800
:101ED0003D100168896811F00701062905D00168E5
:101EE000096851F0010102681160012180F83D107C
:101EF0000020704710B50400002C01D1012014E02F
:101F000094F83D00002805D1002084F83C00200012
:101F100000F0C8FD022084F83D00211D206800F07B
:101F200085FB012084F83D00002010BD10B50400A1
:101F3000022084F83D002068006A41F21111084235
:101F40000BD12068006A40F24441084205D1206864
:101F500000684008400021680860200000F0A3FDF0
:101F6000002084F83D00002084F83C00002010BDD3
:101F700010B504000122206800F0C8FC2068DFF8DA
:101F8000A812884204D02068DFF8A012884201D14C
:101F9000012000E00020C0B2002805D02068406C7D
:101FA00050F40040216848642068806810F0070001
:101FB000062805D02068006850F0010021680860FC
:101FC000002010BD38B504000D00110094F83D004C
:101FD000022801D10220B2E094F83D0001280AD184
:101FE000002905D1180080B2002801D00120A6E008
:101FF000022084F83D002800002806D0042821D0C3
:1020000008283CD00C2857D073E0DFF82402626A1D
:10201000D063DFF82002626A10648248626AD0648A
:102020009BB2206810F13402606A00F0EEFD0028D7
:1020300001D0012083E02068C06850F4007021685E
:10204000C86056E0DFF8E801A26AD063DFF8E40177
:10205000A26A10647348A26AD0649BB2206810F12F
:102060003802A06A00F0D1FD002801D0012066E00E
:102070002068C06850F480602168C86039E0DFF8EB
:10208000B001E26AD063DFF8AC01E26A106465482F
:10209000E26AD0649BB2206810F13C02E06A00F072
:1020A000B4FD002801D0012049E02068C06850F448
:1020B00000602168C8601CE0DFF87401226BD06307
:1020C000DFF87001226B10645648226BD0649BB21B
:1020D000206810F14002206B00F097FD002801D02D
:1020E00001202CE02068C06850F480502168C8604E
:1020F000FFE701222900206800F008FC20684A4917
:10210000884203D020684949884201D1012000E07B
:102110000020C0B2002805D02068406C50F4004078
:10212000216848642068806810F00700062805D000
:102130002068006850F0010021680860002032BD6E
:1021400038B504000D002800002806D004280ED061
:10215000082816D00C281ED027E02068C06830F46C
:1021600000702168C860606A00F08FFD1DE0206883
:10217000C06830F480602168C860A06A00F085FD06
:1021800013E02068C06830F400602168C860E06A2D
:1021900000F07BFD09E02068C06830F480502168C1
:1021A000C860206B00F071FDFFE700222900206865
:1021B00000F0ACFB20681C49884203D020681B4912
:1021C000884201D1012000E00020C0B2002811D0D7
:1021D0002068006A41F2111108420BD12068006AA0
:1021E00040F24441084205D12068406C30F4004080
:1021F000216848642068006A41F2111108420BD13D
:102200002068006A40F24441084205D12068006815
:102210004008400021680860012084F83D0000204B
:1022200032BD000095250008000001400004014077
:10223000A5250008E925000810B5040020680069FC
:1022400080071AD52068C068800716D57FF0020085
:1022500021680861012020772068806910F0030F51
:1022600003D0200000F0A2FE05E0200000F09FFE59
:10227000200001F0CAF8002020772068006940079C
:102280001AD52068C068400716D57FF00400216881
:102290000861022020772068806910F4407F03D015
:1022A000200000F083FE05E0200000F080FE20000A
:1022B00001F0ABF8002020772068006900071AD5EC
:1022C0002068C068000716D57FF008002168086103
:1022D000042020772068C06910F0030F03D020008D
:1022E00000F064FE05E0200000F061FE200001F037
:1022F0008CF80020207720680069C0061AD5206875
:10230000C068C00616D57FF010002168086108205B
:1023100020772068C06910F4407F03D0200000F0CF
:1023200045FE05E0200000F042FE200001F06DF8BF
:102330000020207720680069C0070AD52068C0689F
:10234000C00706D57FF0010021680861200000F079
:102350005FFB2068006900060AD52068C068000697
:1023600006D57FF0800021680861200001F03AFA6C
:102370002068006940060AD52068C068400606D576
:102380007FF0400021680861200001F02CFA2068ED
:10239000006980060AD52068C068800606D57FF0EF
:1023A000200021680861200001F01EFA10BD38B538
:1023B00004000D0094F83C00012801D1022073E0D4
:1023C000012084F83C00022084F83D00002A06D059
:1023D000042A1BD0082A31D00C2A46D05DE02900FF
:1023E000206800F080F92068806950F008002168BA
:1023F00088612068806930F0040021688861206865
:102400008169286901432068816146E029002068CC
:1024100000F09BF92068806950F4006021688861B1
:102420002068806930F48060216888612068806954
:10243000296950EA0120216888612EE0290020687E
:1024400000F0BAF92068C06950F008002168C8613E
:102450002068C06930F004002168C8612068C16943
:10246000286901432068C16117E02900206800F055
:10247000D9F92068C06950F400602168C8612068FB
:10248000C06930F480602168C8612068C06929692A
:1024900050EA01202168C861FFE7012084F83D006F
:1024A000002084F83C00002032BD10B5040094F8F0
:1024B0003C00012801D102206AE0012084F83C00A0
:1024C000022084F83D002068806830F0770030F406
:1024D0007F4022689060086800284DD010284BD0BB
:1024E000202849D0302847D040283BD0502825D03C
:1024F00060282DD0702807D0B0F5805F03D0B0F5EC
:10250000005F0ED03DE03CE0CB684A6889682068F7
:1025100000F0F1F92068806850F077002168886049
:102520002FE0CB684A688968206800F0E4F92068E9
:10253000806850F480402168886022E0CA68496859
:10254000206800F0ABF95021206800F0CCF918E0C9
:10255000CA684968206800F0B3F96021206800F07B
:10256000C2F90EE0CA684968206800F097F9402176
:10257000206800F0B8F904E00968206800F0B3F9B9
:10258000FFE7012084F83D00002084F83C00002093
:1025900010BD000080B5806B012180F83D1001F076
:1025A00024F901BD10B5846B012184F83D10616AE6
:1025B000884202D10120207710E0A16A884202D12E
:1025C000022020770AE0E16A884202D104202077C5
:1025D00004E0216B884201D108202077200000F020
:1025E00014FF0020207710BD10B5846B012184F802
:1025F0003D10616A884202D10120207710E0A16A73
:10260000884202D1022020770AE0E16A884202D1A2
:102610000420207704E0216B884201D10820207734
:10262000200001F0E3F80020207710BD10B404680A
:10263000DFF83C32984212D0B0F1804F0FD0DFF873
:10264000342290420BD0DFF83022904207D0DFF8DE
:102650002C22904203D0DFF82822904203D134F09C
:1026600070044A681443984225D0B0F1804F22D0BC
:10267000DFF8002290421ED0DFF8FC2190421AD0F1
:10268000DFF8F821904216D0DFF8F421904212D002
:10269000DFF8F02190420ED07B4A90420BD07B4A6B
:1026A000904208D07A4A904205D07A4A904202D0AD
:1026B000794A904203D134F44074CA68144334F028
:1026C00080044A69144304608A68C2620A688262AC
:1026D000984202D06A4A904201D1096901630121FE
:1026E000416110BC704770B4026A52085200026225
:1026F000046A4568836933F070039B089B000A688D
:10270000134334F002048A681443594EB04202D095
:102710005B4A904205D134F00804CA68144334F08F
:102720000404B04202D0564A904207D135F4807575
:1027300035F400754A6915438A691543456083611C
:1027400049684163046270BC704770B4026A32F039
:1027500010020262036A4468826932F4E04232F491
:1027600040720D6852EA052233F020038D6853EA67
:1027700005133F4DA84202D0414EB04206D133F07E
:102780008003CE6853EA061333F04003A84202D018
:102790003B4DA84209D134F4806434F400644D699F
:1027A00054EA85048D6954EA85044460826149686D
:1027B0008163036270BC704770B4026A32F4807245
:1027C0000262046A4568C36933F070039B089B008A
:1027D0000A68134334F400748A6854EA0224244AD1
:1027E000904202D0264EB04206D134F40064CE6846
:1027F00054EA062434F48064904202D0204A904285
:1028000009D135F4805535F400554A6955EA021569
:102810008A6955EA02154560C3614968C16304626B
:1028200070BC704730B4026A32F480520262036AAC
:102830004468C26932F4E04232F440720D6852EAF0
:10284000052233F400538D6853EA0533084DA8423E
:1028500002D00B4DA84204D134F480444D6954EAAF
:1028600085144460C26149680164036230BC7047EA
:10287000000001400004004000080040000C00403F
:102880000004014000400140004401400048014074
:1028900000180040001C00400020004010B4046AF2
:1028A000036A5B085B000362836933F0F00353EA59
:1028B000021334F00A0421438361016210BC7047A3
:1028C00010B4036A33F0100303628369046A33F4BB
:1028D000704353EA023334F0A00454EA01148361D4
:1028E000046210BC7047826832F0700251F0070138
:1028F00011438160704710B4846834F47F441143FD
:1029000051EA03212143816010BC704710B40124B7
:1029100011F01F0314FA03F3046A34EA0303036299
:10292000036A11F01F0112FA01F11943016210BC90
:102930007047000010B586B01021002202AC2000C4
:1029400000F056FF082100226C46200000F050FFE6
:102950004D4C5FF080402060002060600020A0604F
:102960005FF0FF30E060002020610020A06120685F
:10297000C06850F001002168C8602000FFF78AFAA3
:10298000002804D024224149414801F09BF84FF42B
:102990000050029000200390002004900020059039
:1029A00002A92000FFF781FD002804D02C2237491E
:1029B000374801F087F80020009000200190694618
:1029C000200001F0F3F9002804D032222F493048CA
:1029D00001F078F8002201211C2001F05DFA1C2092
:1029E00001F06BFA2000FFF771FA06B010BD80B558
:1029F000254801680969C90709D50168C968C90777
:102A000005D57FF001010268116100F001F801BDF8
:102A100020480178491C0170704738B586B0040021
:102A20001421002201AD280000F0E2FE2068B0F180
:102A3000804F26D1002000901748016851F0010115
:102A40000160006810F001000090009800200090E4
:102A50001248016851F001010160006810F00100A6
:102A6000009000984FF40040019002200290012055
:102A70000390022004900120059001A9084801F06C
:102A80002BFA07B030BD000084530020D4B00008FA
:102A9000E4B4000844570020403802403038024077
:102AA000000002407047704738B50400002001F074
:102AB00037FB0500002C01D1012064E0606A00288A
:102AC000002084F83400022084F835002068006873
:102AD000400840002168086020680068C0070BD5E6
:102AE00001F01EFB401B0628F6D320206065032062
:102AF00084F83500032046E020680168DFF81804F8
:102B000001406268A0680243E06802432069024312
:102B100060690243A0690243E0690243206A0243FC
:102B20001143606A042803D1E26A206B0243114317
:102B30002068016020684569ED08ED00606A054382
:102B4000606A042810D1A06A0543E06A00280BD00F
:102B5000200000F0E7F9002806D040206065012041
:102B600084F8350001200EE020684561200000F067
:102B7000BBF93F22E16D8A40826000206065012040
:102B800084F83500002032BD10B50400002C01D1BE
:102B9000012039E094F83500022801D1022033E009
:102BA0002068006840084000216808600020216813
:102BB00008600020216848600020216888600020AB
:102BC0002168C860002021680861212021684861CF
:102BD000200000F089F90021E16300212164002137
:102BE00061640021A1640021E164002121653F228C
:102BF000E16D8A40826000206065002084F8350025
:102C0000002084F83400002010BD70B504000025B9
:102C1000A66D94F83400012801D1022034E001208F
:102C200084F8340094F83500012827D1022084F874
:102C3000350000206065200000F03FF93F21E06D85
:102C40008140B1602068006850F01600216808607B
:102C50002068406950F0800021684861206C00289D
:102C600005D02068006850F00800216808602068DE
:102C7000006850F001002168086003E0002084F83B
:102C8000340002252800C0B270BD90F8351002292A
:102C900003D080214165012009E0052180F835102D
:102CA0000168096849084900006801600020704710
:102CB000F8B5040000200090DFF8600200684FF4CF
:102CC0001651B0FBF1F5A66D37680821E06D11FAD9
:102CD00000F0074210D02068006840070CD520683B
:102CE000006830F0040022681060E06D8140B1603F
:102CF000606D50F001006065E06D3900C140C807AB
:102D00000BD520684069000607D50121E06D8140A0
:102D1000B160606D50F0020060650421E06D11FA51
:102D200000F007420AD020680068800706D5E06DF1
:102D30008140B160606D50F0040060651021E06D6D
:102D400011FA00F007422CD020680068000728D54F
:102D5000E06D8140B16020680068400311D52068B3
:102D60000068000306D4206C00281AD02000216CD3
:102D7000884716E0A06C002813D02000A16C88477B
:102D80000FE020680068C00505D42068006830F0B6
:102D9000080021680860206C002802D02000216C07
:102DA00088472021E06D11FA00F007425FD02068CB
:102DB0000068C0065BD5E06D8140B16094F83500D5
:102DC000052828D12068006830F0160021680860C6
:102DD0002068406930F0800021684861206C00283C
:102DE00002D1A06C002805D02068006830F00800EF
:102DF000216808603F21E06D8140B160002084F8C7
:102E00003400012084F83500206D002802D0200015
:102E1000216D884750E020680068400311D5206884
:102E20000068000306D4606C002820D02000616C8C
:102E300088471CE0E06B002819D02000E16B884730
:102E400015E020680068C0050BD42068006830F0E9
:102E5000100021680860002084F83400012084F804
:102E60003500E06B002802D02000E16B8847606DE0
:102E7000002821D0606DC00718D5052084F83500E2
:102E80002068006840084000216808600098401CE5
:102E90000090854204D320680068C007F6D4FFE79D
:102EA000002084F83400012084F83500E06C00280C
:102EB00002D02000E16C8847F1BD30B4046824687A
:102EC00034F4802405682C60046863608368402BB8
:102ED00004D103689A600068C16003E003689960E8
:102EE0000068C26030BC7047017801F0FF01103902
:102EF0001822B1FBF2F10A4A525CC265042905D3DB
:102F00000168890A8902091D816503E00168890A4F
:102F100089028165806D70473F8010F05405002064
:102F2000B0BE000802000020936A9169002914D104
:102F3000002B05D0022B03D007D3032B0BD00BE0C3
:102F4000D16AC90100D501202EE0D16AB1F1C07F5C
:102F500000D1012028E027E026E09169B1F5005F6B
:102F600015D1002B05D0022B03D004D3032B07D09F
:102F70000CE0012018E0D16AC90100D5012013E05E
:102F8000D16AB1F1C07F00D101200DE00CE0002B2F
:102F9000022B02D9DB1E02D006E0012004E0D16A38
:102FA000C90100D50120FFE7C0B2704770477047E4
:102FB00081B0DFF8AC1788420DD100200090DFF817
:102FC000AC07016851F001010160006810F00100D8
:102FD000009000988EE0DFF88C1788420DD1002019
:102FE0000090DFF88807016851F002010160006875
:102FF00010F00200009000987CE0DFF86C17884227
:103000000DD100200090DFF86407016851F0040141
:103010000160006810F00400009000986AE0DFF89A
:10302000501788420DD100200090DFF8400701685A
:1030300051F008010160006810F00800009000984D
:1030400058E0DFF8301788420DD100200090DFF8FB
:103050001C07016851F010010160006810F01000B9
:103060000090009846E0DFF8101788420DD100204C
:103070000090DFF8F806016851F020010160006857
:1030800010F020000090009834E0DFF8F01688423D
:103090000DD100200090DFF8D406016851F0400106
:1030A0000160006810F040000090009822E0DFF816
:1030B000D01688420DD100200090DFF8B0060168DC
:1030C00051F080010160006810F0800000900098CD
:1030D00010E0DFF8B01688420CD100200090DFF835
:1030E0008C06016851F480710160006810F48070F2
:1030F0000090009801B0704780B5DFF88C168842C8
:103100000DD100200090DFF88406016851F0010124
:103110000160006810F0010000900098EFE0B0F14D
:10312000804F0DD100200090DFF86406016851F057
:1031300001010160006810F0010000900098DEE0DD
:10314000DFF8501688420DD100200090DFF84006CD
:10315000016851F002010160006810F00200009067
:103160000098CCE0DFF8301688420DD100200090A6
:10317000DFF81C06016851F004010160006810F0DE
:10318000040000900098BAE0DFF8101688420DD1D4
:1031900000200090DFF8F805016851F00801016097
:1031A000006810F0080000900098A8E0DFF8F01523
:1031B00088420DD100200090DFF8D405016851F05D
:1031C00010010160006810F010000090009896E077
:1031D000DFF8D01588420DD100200090DFF8B0054F
:1031E000016851F020010160006810F0200000909B
:1031F000009884E0DFF8B01588420DD100200090DF
:10320000DFF88805016851F002010160006810F0E4
:1032100002000090009872E0DFF8901588420DD10E
:1032200000200090DFF86405016851F480310160EE
:10323000006810F480300090009860E0DFF87015AE
:1032400088420DD100200090DFF84005016851F45C
:1032500000310160006810F40030009000984EE0EA
:10326000DFF8501588420DD100200090DFF81C05D2
:10327000016851F480210160006810F48020009002
:1032800000983CE0DFF8301588420DD10020009016
:10329000DFF8FC04016851F040010160006810F0A3
:1032A0004000009000982AE0DFF8101588420DD108
:1032B00000200090DFF8D804016851F0800101601F
:1032C000006810F080000090009818E0DFF8F0141B
:1032D00088420DD100200090DFF8B404016851F459
:1032E00080710160006810F480700090009806E022
:1032F0008422DFF8D014DFF8D00400F0E3FB01BD36
:1033000010B50024DFF88014884201D1012447E081
:10331000B0F1804F01D1012442E0DFF878148842F7
:1033200001D102243CE0DFF87014884201D102246C
:1033300036E0DFF86814884201D1022430E0DFF87B
:103340006814884201D103242AE0DFF8601488421F
:1033500001D1032424E0DFF85814884201D103246A
:103360001EE0DFF85014884201D1032418E0DFF892
:103370004814884201D1092412E0DFF84014884241
:1033800001D109240CE0DFF83814884201D1092466
:1033900006E0C722DFF82C14DFF82C0400F092FBC3
:1033A0002000C0B210BD78B585B004000D00160035
:1033B0002000FFF7FDFD3000FFF79EFE0220019088
:1033C00001200290032003903000FFF799FF049042
:1033D000ADB200956946200000F07EFD06B070BDDC
:1033E00030B585B004000D002000FFF7E1FD01209D
:1033F00001900020029003200390ADB20095694631
:10340000200000F069FD05B030BD80B50021DFF877
:10341000BC03FEF795FE01BD1CB500200090DFF84F
:103420004C03016851F400110160016811F40011AE
:103430000091009900210091016851F40011016090
:10344000006810F4001000900098DFF88403DFF8A3
:10345000841301605FF020614160402181600021A0
:10346000C1604FF4806101614FF4006141614FF42C
:10347000005181614FF48071C1610021016200211E
:103480004162032181620021C16200210163DFF8F2
:103490003C4360628463FFF777FB002807D040F26B
:1034A0001D12DFF82013DFF8200300F00BFB606A29
:1034B000FFF7FAFA002807D040F22112DFF80413D0
:1034C000DFF8040300F0FEFA002200210F2000F0D4
:1034D000E3FC0F2000F0F1FC13BD80B5DFF8F00233
:1034E000FFF7E6FB01BD80B5DFF8E002FEF7A4FEC2
:1034F00001BD2DE9F0439BB00500884616001F0072
:103500000BA8402100F03AFE1C21002204AC200050
:1035100000F06EF96846DFF8C0121022FDF7C2FE17
:103520003800C0B2072807DB40F26B12DFF89412B4
:10353000DFF8940200F0C6FA239C002C0BD1414620
:1035400089B22800FFF74CFF0022414689B22800CB
:1035500000F0B0FD00E142F2107084420BD1414610
:1035600089B22800FFF73CFF0122414689B22800BA
:1035700000F0A0FDF0E03200414689B22800FFF7DC
:1035800012FFDFF81052AE4201D1FFF745FFDFF81E
:10359000F80186420FD0DFF8100286420BD0DFF828
:1035A0000C02864207D0DFF80802864203D0DFF81B
:1035B0000402864203D1DFF82402016803E0DFF849
:1035C0001C0201684908229864280AD242F20F7846
:1035D00042F21072B1FBF2F1B1FBF0F0B0F101096F
:1035E00013E040F6B832904209D25FF063086422DB
:1035F000B1FBF2F1B1FBF0F0B0F1010905E05FF0D1
:103600000008B1FBF0F0B0F10109484680B2444334
:1036100042F21070B4FBF0F4AE4204D1DFF8AC011A
:10362000FEF784FC02E00BA8FEF780FCAE4213D14B
:10363000DFF8980106601FFA88F8C0F804801FFAC6
:1036400089F9C0F80C9000210161002181600021FE
:1036500041610021816110E00B961FFA88F8CDF8D6
:1036600030801FFA89F9CDF8389000200F900020A3
:103670000D900020109000201190AE420BD15348C5
:10368000FEF738FC002811D040F2CB124D494E48CD
:1036900000F018FA0AE00BA8FEF72CFC002805D071
:1036A00040F2D3124749484800F00CFA60200490D9
:1036B00000200690002008900020079000200A902B
:1036C000002009900594AE4211D168463900C9B274
:1036D00030F8112004A93D48FEF769FE002817D0F4
:1036E0004FF4F3723749384800F0ECF910E06846BF
:1036F0003900C9B230F8112004A90BA8FEF757FE13
:10370000002805D040F2ED122E492F4800F0DAF9DA
:10371000AE4212D14FF40473314A6846FFB230F81A
:1037200017102A48FEF74EFC002815D040F2F71279
:103730002449254800F0C6F90EE06846FFB230F88B
:1037400017100BA8FEF714FC002805D04FF4FF72E9
:103750001C491D4800F0B6F91BB0BDE8F08300001D
:1037600000000240000402400008024030380240DD
:10377000000C0240001002400014024000180240F9
:10378000001C02400020024000000140443802407A
:10379000403802400004004000080040000C004097
:1037A00000100040001400400004014000400140AF
:1037B000004401400048014000180040001C004047
:1037C00000200040ECB1000844B50008C4530020BC
:1037D000D051002070600240F0BC00085405002069
:1037E0000000002070477047704770477047000026
:1037F00062F30F2262F31F42401810F0030308D057
:10380000C91A1FD3DB0748BF00F8012D28BF20F8D5
:10381000022D130030B414461546103928BF20E994
:103820003C00FAD8490728BF20E90C0048BF40F8FF
:10383000042D890028BF20F8022D48BF00F8012D73
:1038400030BC7047C91818BF00F8012DCB0728BF3E
:1038500000F8012D70470000E0B503E0FFE7C82045
:1038600000F090FC5FF0FF30009001AB01220721D7
:10387000DFF8BC0400F02CFD0028F0D101980128ED
:1038800004D0022803D00428E9D0E7E7E7E7E6E719
:1038900038B520208DF8000000200BE0DFF89404FC
:1038A00000F0E3F803E0DFF8900400F0DEF8142005
:1038B00000F068FC00F031FE04006946002001F0D1
:1038C00098F8C0B2002811D0DFF8705429009DF894
:1038D000000001F0D4F80D2808D115F10801DFF837
:1038E000600401F0DFF9280001F0BFF82000C0B249
:1038F0000028DCD0E4B2012C12D0D8D3032C1ED087
:1039000009D3052C11D015D3072C22D01CD3092C98
:10391000C4D0C8D3CBE7DFF82C0400F0A6F8C6E784
:10392000DFF8240400F0A1F8C1E7DFF8200400F07C
:103930009CF8BCE7DFF8180400F097F8B7E7DFF869
:10394000140400F092F8B2E7DFF80C0400F08DF8F0
:10395000ADE7DFF8080400F088F8A8E710B50C0020
:103960000021C0B2022848DB607804EB00014CA0C3
:1039700001F0EAFB002816D100241421DFF8C0234F
:10398000106A01FB04F31844C068002839D0106A9B
:1039900001FB04F1014443A000F094F842A000F0C0
:1039A00091F8641CE9E7607804EB00013FA001F0A6
:1039B000CBFB002804D1DFF8A80300F083F820E057
:1039C000607804EB00013AA001F0BEFB002818D19A
:1039D000DFF8900300F076F8DFF88C0300F072F85F
:1039E000DFF8880300F06EF8DFF8840300F06AF86F
:1039F000DFF8800300F066F803E0DFF87C0300F0F6
:103A000061F810BD70B504000D00DFF8700300F020
:103A100059F8002608E0A85D05EB00023100DFF848
:103A2000600300F04FF8761C2000C0B28642F2D34B
:103A300070BD1CB555206946DFF84823D2E9003433
:103A4000C1E900340822694601F037FC13BD1CB5FA
:103A500077206946DFF83023D2E90034C1E9003429
:103A60000822694601F04FFD13BD0EB410B5B3B086
:103A7000020035ABC921684601F0BAFEDFF80C43FD
:103A80005FF0FF31200001F0D1FE694605A000F093
:103A900019F8200001F008FF33B010BC5DF810FBEE
:103AA000636D6400257300000D0A00002D76000090
:103AB0002D68000080B50100C9B2002000F06EFF43
:103AC00001BD00000EB42DE9F0432DED028B002165
:103AD000002100210021002100210021082409AE3D
:103AE00005001DE01BE0AA4951F82900B8FBF0F0E1
:103AF00051F82910B8FBF1F201FB1288002800D020
:103B000001273030C0B2FFF7D5FFB9F10109B9F193
:103B1000000FE8D5002F02D13020FFF7CBFF6D1C3E
:103B20002878002800F0EB80287825280AD028780B
:103B30000A2803D10D20C0B2FFF7BCFF2878FFF799
:103B4000B9FFECE76D1C11E0287830380A280CD258
:103B500015F8010C2E2808D015F8020C2E2804D0D8
:103B60002C78303C002C00D101246D1C287863286F
:103B700014D02878642811D0287858280ED02878B6
:103B800078280BD02878702808D02878752805D098
:103B90002878732802D028786628D5D12878582824
:103BA0003AD0632857D064280AD0662859D07028A4
:103BB00032D0732844D075282ED078282CD091E7A5
:103BC0003768361D002F03D52D20FFF773FF7F4286
:103BD00000225FF0090816E06D4850F82810B7FB86
:103BE000F1F150F82800B7FBF0F300FB137752EA2D
:103BF0000100002805D030310800C0B2FFF75AFF9D
:103C00000122B8F10108B8F1000FE5D5002A02D170
:103C10003020FFF74FFF82E73768361D641E0BE048
:103C20002000C0B281003800084110F00F0059494F
:103C3000085CFFF73FFF641E002CF1D508246EE7F7
:103C40003768361D03E03878FFF734FF7F1C38787B
:103C50000028F8D163E73068361DC0B2FFF72AFFAD
:103C60005DE7F61D36F0070696ED000B083651ECC1
:103C7000100B01F03FFE08EE100ABDEEC80A10EE70
:103C8000107A002F03D57F422D20FFF713FF00226B
:103C90005FF0090816E03E4850F82810B7FBF1F134
:103CA00050F82800B7FBF0F300FB137752EA01004D
:103CB000002805D030310800C0B2FFF7FBFE01221A
:103CC000B8F10108B8F1000FE5D5002A02D1302083
:103CD000FFF7F0FE2E20FFF7EDFE9FED140A28EE11
:103CE000000ABDEEC00A10EE108A42F2107098FB76
:103CF000F0F100FB118800275FF0030907E70020BF
:103D0000BDEC028BBDE8F0035DF810FB80B52248E6
:103D1000FFF7D8FE632221492148FFF7D3FE102286
:103D200020492148FFF7CEFE01BD000000401C469F
:103D3000C455002058BA000840BA0008C84F0020F7
:103D40002004002010BB000824BB000838BB00087A
:103D50004CBB000860BB000874BB000828BA000810
:103D600088BB000870BA0008FCBD00089CBB0008B6
:103D700088BA0008B4B8000854B9000800BD0008AB
:103D800010BD000880BE000888BE0008B85400209E
:103D90008CB7000820BD0008A0BA000890BE00083B
:103DA000B8BA000898BE000870B9000810B490F8BE
:103DB0003C20012A01D102201CE0012280F83C2095
:103DC000022280F83D20026853680268946833F04C
:103DD00070030A68134334F0800449680C43016897
:103DE0004B6001688C60012180F83D10002180F853
:103DF0003C10002010BC704710F00700314B1A68CF
:103E00004FF6FF010A40304951EA00210A431A6087
:103E100070472C480068C0F302207047012210F060
:103E20001F018A40294940B2400941F820207047CB
:103E3000020052B2002A08D50901254A40B210F00A
:103E40000F00104400F8041C03E00901214A40B2AD
:103E50001154704710B410F00700D0F10703052B80
:103E600001D3042301E0D0F10703041D072C01D284
:103E7000002000E0C01E012414FA03F35B1E194069
:103E8000814014FA00F0401E1040084310BC7047F7
:103E900080B5FFF7B1FF01BD70B504000D0016003D
:103EA0000020FFF7B6FF32002900FFF7D3FF010023
:103EB000200040B2FFF7BCFF70BD80B540B2FFF7F5
:103EC000ADFF01BD0CED00E00000FA0500E100E0EF
:103ED00018ED00E000E400E0F8B400220022002227
:103EE000002337E0082704E0DFF8DC219042F9D115
:103EF0000727FFB213F00302D2B2920097403E436D
:103F00001A00920845F82260DFF8C0512A68A243DF
:103F10004E68F60300D522432A60DFF8B4512A68C0
:103F2000A2434E68B60300D522432A60DFF8A451AD
:103F30002A68A2434E68F60200D522432A60DFF8C1
:103F400098512A68A2434E68B60201D51443220054
:103F50002A605B1C102B80F0AB80012515FA03F260
:103F60000C6814409442F4D14A68022A02D04A688C
:103F7000122A17D11A00D20800EB8202166A0F2704
:103F800013F00702D2B292009740BE430F6913F0BC
:103F90000702D2B2920097403E431A00D20800EBCB
:103FA00082021662076803261A00D2B2520016FA7D
:103FB00002F2974391F804C01CF0030C1A00D2B22D
:103FC00052001CFA02FC5CEA070707604A68012AF3
:103FD00008D04A68022A05D04A68112A02D04A68E5
:103FE000122A19D187681A00D2B2520016FA02F2C8
:103FF0009743D1F80CC01A00D2B252001CFA02FC4E
:104000005CEA0707876042689D40AA434D68C5F394
:1040100000159D402A434260C5681A00D2B2520082
:104020009640B5438E681A00D2B25200964035438E
:10403000C5604A68D2008CD500220092274A1568D4
:1040400055F480451560126812F480420092009A7F
:10405000234D1A00920855F822600F2713F003022F
:10406000D2B292009740BE431E4A904201D100272F
:104070003FE71D4A904201D101273AE71B4A90428F
:1040800001D1022735E71A4A904201D1032730E7D0
:10409000184A904201D104272BE7174A904201D1D8
:1040A000052726E7154A90427FF41EAF062720E732
:1040B000F1BC7047D2B2002A02D089B2816102E01D
:1040C00089B2090481617047001C0240003C014034
:1040D000043C0140083C01400C3C01404438024093
:1040E000083801400000024000040240000802407D
:1040F000000C024000100240001402400018024070
:104100001848016851F0807101600020164908606C
:104110001648016851F001010160704700207047A6
:1041200080B514480068002802D101F017FC17E0A0
:104130000F480068800B0CE000BF00BF00BF00BF4D
:1041400000BF00BF00BF00BF00BF00BF00BF00BF77
:10415000401E0028F0D108480168491C0160006831
:1041600002BD0000FCED00E0041000E0001000E0E3
:10417000540500205805002044560020002201F07C
:1041800055BC0000F8B50500EFF3108672B6454B3C
:104190001C68002C04D186F31088132000907FE067
:1041A000414A1068EFF305810843002804D086F3E4
:1041B00010881320009073E03C48844204D186F3B9
:1041C0001088132000906BE0002D04D186F3108836
:1041D0000020009064E0364F3868002804D086F351
:1041E0001088132000905BE0DFF8C8C0DCF8000006
:1041F000002842D030490968C9053ED51168EFF35F
:10420000058211431A68002906D1D16AD36B1B04B9
:1042100053F00043194309E0B1F1F03F03D211001C
:104220005FF0FF3202E05FF0F03200210260416097
:104230007021816021490968C1600561216B41617C
:10424000694681610021C16120301D4909688842A9
:104250000ED31C480068CCF800001B490A681062A5
:104260001A4A1068002808D008681168884704E0D6
:10427000CCF800001449096808620420206301207A
:10428000A0630020C4F88400E5643868401C3860EE
:1042900086F31088200001F0F2FBD4F8840000902F
:1042A0000098F2BDB456002058050020144F00209D
:1042B000D0560020285700202C570020041000E082
:1042C000245700202057002014570020305700208A
:1042D000F8B50400069D0020002C01D106201AE04C
:1042E0002668134FBE4201D0062014E0002B01D1F6
:1042F000032010E0002D0ED00E4E3668EFF3058738
:104300003E43002E01D0042005E00B4E36680B4FD3
:10431000BE4200D10420002802D1042A00D3082084
:10432000002803D10095200001F066FDF2BD00BF1A
:104330004E44564458050020B4560020144F002027
:10434000B94A0100C9B252F831100B690100C9B273
:1043500002EBC10189880B40012B0CD00100C9B2CE
:1043600052F831100B690100C9B202EBC101898812
:104370000B40102B01D1012100E00021C0B202EB63
:10438000C0008079C9B2814201D1012000E0002043
:104390007047F8B504002000C0B202281BDA0026DE
:1043A000FF27002508E02800C0B2FFF7C9FF00285A
:1043B00001D0761C2F006D1C2800C0B20228F2DB51
:1043C000F6B2012E05D1FFB2E4B2A74201D101201D
:1043D00013E0002011E0E4B2022C0DD10020FFF721
:1043E000AFFF002806D00120FFF7AAFF002801D068
:1043F000012002E0002000E00020F2BD80B500F0C6
:1044000039F800F001F801BD10B586B00020009029
:104410008648016851F001010160016811F0010155
:104420000091009900210091016851F01001016094
:10443000006810F010000090009800200290022008
:1044400003900320049000240EE077482100C9B2B5
:1044500000EBC1018988019101A92200D2B250F874
:104460003200FFF739FD641C2000C0B20228ECDBEB
:1044700006B010BD80B56E48002181720021C17266
:104480000021017300201FE06A4964220300DBB2AF
:104490001B010B441A8102220300DBB21B010B44F7
:1044A0001A7100220300DBB21B010B449A72052231
:1044B0000300DBB21B010B44DA7200220300DBB203
:1044C0001B0119440A73401C0100C9B20329DBDB3C
:1044D00006226421012000F001F801BD10B4554B03
:1044E0000400E4B224011C4421810100C9B2090185
:1044F0001944CA720021C0B200011844017310BCF3
:1045000070474B49CA7A8854C87A401CC872C87A26
:104510000A2801DB0020C87270474549887ACA7AA8
:10452000904201D100200AE0887A085C8A7A521C05
:104530008A728A7A0A2A01DB00228A72C0B2704724
:1045400038B504003B482100C9B2090100EB010560
:104550002000C0B2FFF71DFF002846D028790528AB
:1045600002DA052028715EE028790A2803DA287922
:10457000401C287157E0A87A00280AD10120A872AF
:104580002100C9B203204143491C0800C0B2FFF713
:10459000B8FF2889002846D0E888298988420FD2A8
:1045A000E888401CE880E888298988423BD1E4B249
:1045B00003204443E41C2000C0B2FFF7A2FF32E016
:1045C000E87A00282FD0287B401C2873287BE97AC2
:1045D000884228D300202873E4B203204443641C9B
:1045E0002000C0B2FFF78DFF1DE02879062802DB0E
:1045F0000520287113E02879002803D02879401E6F
:1046000028710CE0A87A012809D10020A872E4B230
:1046100003204443A41C2000C0B2FFF772FF002017
:10462000E8800020287331BDD0BC0008303802403B
:1046300024560020EC54002010B5002404E0200093
:10464000C0B2FFF77DFF641C2000C0B20328F6DB78
:1046500010BD000080B500F003F800F022F801BDA5
:1046600096489749016097494160974981604FF4A6
:1046700080618181C181002101820021418200216C
:10468000C182002101830021418300218182002118
:10469000C1610021016200214162002180F82810DF
:1046A000704710B586B0002000908848016851F02E
:1046B00001010160016811F00101009100990021E0
:1046C0000091016851F001010160006810F00100E3
:1046D00000900098002000907D48016851F0100182
:1046E0000160006810F01000009000984FF4007016
:1046F00001900220029001200390032004900720E3
:104700000590744C01A92000FFF7E6FB4FF4806090
:1047100001900720059001A92000FFF7DDFB012291
:1047200000212520FFF7B8FB2520FFF7C6FB644CCE
:104730000C2300225FF4E131200000F029F820680A
:1047400030F040002060206830F020002060624897
:10475000016851F02001016006B010BD80B5010074
:10476000C9B2002901D1554811E00100C9B201299F
:1047700001D100200BE0C0B2022801D1002006E0E8
:1047800040F2271255495648FFF79CF9002002BD18
:1047900080B590B00090019100200290002003901D
:1047A000049200200690059300200790684601F0CF
:1047B00005FC002805D040F24F1248494848FFF751
:1047C00081F911B000BD70B504002068056820684B
:1047D000C66820684069A8061BD520684168A068A3
:1047E000E28A8154E08A401CE082E28980B29042F1
:1047F00001D30020E082608BE289904202D2608B7C
:10480000401C6083606A002803D00800C0B2616A5F
:104810008847280625D5300623D5A08A00280CD144
:104820002068C06830F080002168C8602068C068D7
:1048300050F040002168C86013E0012084F828008F
:104840006068618A405C21684860608A401C6082C0
:10485000A18980B2884201D300206082A08A401ED4
:10486000A082680624D5700622D5A08A00280ED121
:104870002068C06830F040002168C860206A0028C5
:1048800001D0206A8047002084F8280010E060688A
:10489000618A405C21684860608A401C6082A1890E
:1048A00080B2884201D300206082A08A401EA0828C
:1048B00070BD80B50148FFF786FF01BD1C55002083
:1048C0000010014024260020242A00203038024015
:1048D00044380240000002400C10014088B000083B
:1048E00074B50008F8B4002335E0BDF800408589B0
:1048F000AC4209D10468E468240605D40468E4687D
:1049000054F080040568EC60012585F31088848AE2
:10491000ADF80040002484F31088BDF8006087895A
:10492000BE42E2D21E00B6B28E5D4768B0F810C03B
:1049300007F80C6085F31088058A6D1C058286894E
:10494000ADB2B54201D300250582858A6D1C8582F2
:1049500084F310885B1C1C001500A4B2ADB2AC42FD
:10496000D2D30168C96851F080010068C160F1BC10
:10497000704770B50D001600C0B2FFF7EFFE0400DF
:10498000002C0AD0E069002801D0E069804732009D
:1049900092B229002000FFF7A5FF70BD02B50122E9
:1049A0006946C0B2FFF7E5FF01BD30B4012282F3D2
:1049B0001088448B002383F31088A4B2002C01D10B
:1049C000002014E08468058B645D0C7082F310880D
:1049D000018B491C0183C28989B2914201D3002114
:1049E0000183418B491E418383F31088012030BC31
:1049F000704710B50C00C0B2FFF7B0FE002801D11F
:104A0000002002E02100FFF7D0FF10BD10B5040028
:104A100020000100C9B20020FFF7C0FF200010BD38
:104A200010B403000020002000E0401C0A5C1C00C1
:104A3000E4B2A24202D00A5C002AF6D1095C002945
:104A400001D15FF0FF3010BC7047002141605FF082
:104A5000FF3101800021426802441172002180F878
:104A60008010002180F881107047002141605FF0C4
:104A7000FF3101800021426810440172704738B54F
:104A800004000D005FF0FF3095F88100002829D167
:104A900034492000C0B2FFF7C3FF0100002909D448
:104AA000314A52F82100002859D0280052F821102C
:104AB000884754E02000C0B21B280DD1022085F8A1
:104AC000810095F88000284480F86C4095F88000BB
:104AD000401C85F8800042E02100C9B2280001F0A6
:104AE0003DFC3CE095F88100022835D195F8800026
:104AF000284480F86C402000C0B261381A2808D3DE
:104B00002000C0B241381A2803D32000C0B27E284A
:104B100011D116492000C0B2FFF782FF0100280022
:104B2000134A52F821108847002085F880000020A1
:104B300085F8810013E095F88000132806DB00203B
:104B400085F88000002085F8810008E095F8800055
:104B5000401C85F8800002E0002085F881002000DC
:104B6000C0B232BD50BE0008A0BC0008E0B90008C9
:104B7000E8AF000830B488B00A00002103E0002349
:104B80006C466354491C2029F9DB6B461178C91027
:104B9000595C0124157815F00705AC4021431478C1
:104BA000E410195511004A1C09780029EDD100289C
:104BB00004D1DFF86005006800E0401C0178C910EE
:104BC000595C027812F00702C9B2D140C90702D578
:104BD00001780029F1D1020000E0401C0178002991
:104BE0000CD00178C910595C047814F00704C9B2DC
:104BF000E140C907F1D500210170401CDFF8141510
:104C00000860824201D1002000E0100008B030BCF2
:104C1000704710B50400DFF80005FEF753FFDFF81A
:104C2000FC04FEF74FFFDFF8F804FEF74BFFDFF858
:104C3000F404FEF747FFDFF8F004FEF743FFDFF868
:104C4000EC04FEF73FFF210055A0FEF73BFF14F1F7
:104C5000240000F0E7F8DFF8D81414F1240000F085
:104C6000EEF80120608510BDF8B504000D000026A7
:104C700000E0761C1427206A07FB06F10844C06890
:104C800000280DD0206A07FB06F10144280000F03F
:104C90005BFA0028EDD1206A7E433044C06800E012
:104CA0000020F2BD2DE9F0479CB006000D00002762
:104CB000A9460A24290016F1240000F032F9002840
:104CC00007D12878002804D0290016F1240000F02C
:104CD000B6F82800FCF78EFA652808D3DFF85404EC
:104CE000FEF7F0FE31002EA0FEF7ECFE55E00FF2CD
:104CF000B40841464846FFF73DFF82462900300090
:104D0000FFF7B2FF8146484600280AD1287801F013
:104D10009DFC002836D05146DFF81C04FEF7D2FE79
:104D200030E0EA463800C0B20AF800402900684680
:104D30002200D2B2104401F093FC2800FCF75AFA8A
:104D4000401C041925007F1C41460020FFF712FF7C
:104D5000040015E03800C0B20AF80050210068468F
:104D60002A00D2B2104401F07BFC2000FCF742FA8A
:104D7000401C45197F1C41460020FFF7FBFE040044
:104D8000002CE7D14846002803D069463800C0B25D
:104D9000C847310002A0FEF795FE1CB0BDE8F087C1
:104DA00025730000200000002DE9F84304000D00E9
:104DB00000205FF000084FF0FF09002600E0761C9D
:104DC0001427206A3100C9B27943405C002826D0FC
:104DD00000202900206A3200D2B27A43104401F048
:104DE0004BFC0028EBD0216A3200D2B27A43114446
:104DF000411A4A46D2B29142E1D2216A3200D2B27D
:104E00007A431144401A8146206A3100C9B207FB37
:104E100001F700EB07084846C0B20028CFD1404652
:104E2000BDE8F283002101800021418000218180C2
:104E3000002101810021418100218181704738B525
:104E400004000D002800FCF7D5F9010089B2FE2905
:104E500023DB65E0A28921882144897B521AFD3A2F
:104E600021898A18521EA28113E021882180A188FD
:104E7000491EA18021882144897B228989B29142DF
:104E8000E8D3A28921882144897B521A21898A1872
:104E9000A28121882144897B2181A189D1F1FD0151
:104EA000020092B2914202DBA188032907D1218836
:104EB000491C218021880429D7DB0021D6E761899C
:104EC0006288224491736188491C61806188042949
:104ED00001DB002100E061886180A188491CA1807C
:104EE000002113E062890CE00A0092B2AA5C638997
:104EF00023449A746289521C62816289FE2AF1DB22
:104F000000226281A289521CA281491C0A0003006E
:104F100092B29BB29A42E7D3608961882144887338
:104F200031BDF8B504000E0025880021A0880028B6
:104F300002D1080080B256E03000FCF75BF90200B5
:104F4000002300E05B1C1800A18880B2884249D28F
:104F5000280080B22044807B6D1C290089B204297E
:104F600001DB0025FFE7290089B22144897B0F007E
:104F70008446BFB21FFA8CFC674501D3091A02E0D0
:104F8000D0F1FE07C919170089B2BFB2B942D9D111
:104F9000591C002709E007E0401C84461FFA8CFCDE
:104FA000BCF1FE0FF7DB00207F1CBC4696461FFAC3
:104FB0008CFC1FFA8EFEF4450DD284461FFA8CFC41
:104FC000A4449CF812C0BE461FFA8EFE16F80EE0EE
:104FD000F445E1D00021080080B20028B2D00800DA
:104FE00080B200E00020F2BDF0B483880C00A4B2CF
:104FF000A34260D30388C918491E0B009BB2042B3F
:1050000001DB091FFFE70B009BB203449B7B491C9C
:105010000C00A4B2042C01DB0021FFE789B201449B
:105020008C7B1900250089B2ADB2A94218D21D00AF
:105030000AE0290089B201448E7C2F00BFB219001A
:1050400089B27F1AD6556D1C2900260089B2B6B2E6
:10505000B142EED30020ADB29BB2EB1AD0542AE09D
:105060001D000AE0290089B201448E7C2F00BFB2E6
:10507000190089B27F1AD6556D1C290089B2FE2904
:10508000F0DB00250BE02E00B6B2FE36190089B227
:10509000761A290089B20144897C91556D1C29003A
:1050A000260089B2B6B2B142EDD3ADB2FE359BB2A5
:1050B000EB1A0020D054F0BC704770B50021C0B28C
:1050C000022803DB1D48FEF7FDFC1DE0002412E072
:1050D000306A05FB04F101440CA0FEF7F3FC306AD2
:1050E00005FB04F5284401691548FEF7EBFC08A010
:1050F000FEF7E8FC641C1425124E306A05FB04F12F
:105100000844C0680028E3D170BD0000257300008A
:105110000D0A00005856002030B2000874B2000892
:10512000B8B20008FCB2000840B3000884B300081D
:10513000A0BE00088CB90008D0BA0008B0BB0008B7
:10514000A8BE00082004002010F8012B11F8013B34
:105150000AB19A42F8D0D01A7047000038B594B01E
:10516000DFF82C46DFF82C06206006206060002067
:10517000A0600020E0605FF4A02020615FF4C00028
:10518000606100202076012060760120A07600205A
:10519000E0760020207701206077200001F082FA7D
:1051A00001000800C0B2002804D0C9B2DFF8E80549
:1051B000FEF788FC002010900120119000200A903A
:1051C00049F6A4000B904FF6FF750C950D95002045
:1051D0000E90012012900E200F900AA9200001F0DD
:1051E00017FB0100C9B2002905D0C0B20100DFF8E9
:1051F000AC05FEF767FC0020069001200790002018
:10520000009049F6AC0001900295039501200490AE
:10521000012008900A2005906946200001F0F8FA64
:105220000100C9B2002905D0C0B20100DFF8700545
:10523000FEF748FC00200690012007900020009017
:105240000020019000200290002003900020049094
:1052500001200890002005906946200001F0D8FA4E
:105260000100C9B2002905D0C0B20100DFF8340541
:10527000FEF728FC200001F05DFB2068006830F498
:105280008030216808600221200001F0C8FC042160
:10529000200001F0C4FC0821200001F0C0FC102116
:1052A000200001F0BCFC2021200001F0B8FC4021CE
:1052B000200001F0B4FC15B030BD38B586B00C004C
:1052C0001500B0F5006F03D20090002002900DE0B1
:1052D000B0F1005F03D201900420029006E0862224
:1052E000DFF8C414DFF8C404FEF7ECFB2800C0B2FA
:1052F000092801DB012015E0EDB2049500200390A0
:1053000000208DF81400DFF888540121280001F0F6
:10531000C6FB002808D1012322006946280001F0BD
:1053200039FB002007B030BD0121280001F0B7FB98
:10533000002806D0022322006946280001F02AFB3B
:10534000EFE70121280001F0AAFB002806D0042382
:1053500022006946280001F01DFBE2E70120E1E799
:1053600080B5DFF84C04FEF7ADFB01BD80B5DFF87A
:105370004404FEF7A7FB01BD1CB5082100226C46C2
:105380002000FEF735FADFF80844200001F05DFC4C
:105390006B46DFF824240021200001F096FBDFF8A3
:1053A0001C04FEF78FFB13BD38B594B0DFF8104432
:1053B000DFF810042060062060600020A06000205C
:1053C000E0605FF4A02020615FF4C0006061002015
:1053D0002076012060760120A0760020E076002073
:1053E000207701206077200001F05CF901000800BF
:1053F000C0B2002804D0C9B2DFF8CC03FEF762FBCC
:10540000002010900120119000200A9049F6A4007D
:105410000B904FF6FF750C950D9500200E90012016
:1054200012900E200F900AA9200001F0F1F901005E
:10543000C9B2002905D0C0B20100DFF89003FEF721
:1054400041FB00200690012007900020009049F6C3
:10545000AC00019002950395012004900120089072
:105460000A2005906946200001F0D2F90100C9B276
:10547000002905D0C0B20100DFF85403FEF722FB7B
:10548000002006900120079000200090002001904D
:10549000002002900020039000200490012008903A
:1054A000002005906946200001F0B2F90100C9B260
:1054B000002905D0C0B20100DFF81803FEF702FB97
:1054C000200001F037FA2068006830F4803021684D
:1054D00008600221200001F0A2FB0421200001F05D
:1054E0009EFB0821200001F09AFB1021200001F012
:1054F00096FB2021200001F092FB4021200001F0CA
:105500008EFB15B030BD38B586B00C001500B0F577
:10551000006F03D20090002002900EE0B0F1005F17
:1055200003D201900420029007E04FF4B772DFF835
:105530007812DFF87802FEF7C5FA2800C0B2092811
:1055400001DB012014E0EDB204950020039000205F
:105550008DF814009A4D0121280001F0A0FA0028CE
:1055600008D1012322006946280001F013FA002027
:1055700007B030BD0121280001F091FA002806D0C3
:10558000022322006946280001F004FAEFE7012116
:10559000280001F084FA002806D00423220069467E
:1055A000280001F0F7F9E2E70120E1E71CB5082146
:1055B00000226C462000FEF71BF9814C200001F010
:1055C00044FB6B467C4A0021200001F07EFA8248B1
:1055D000FEF778FA13BD38B586B001686D4A91427E
:1055E00067D1002005907D48016851F0007101608D
:1055F000016811F00071059105990021059101687C
:1056000051F080610160006810F08060059005989D
:10561000002005907248016851F0010101600168A5
:1056200011F001010591059900210591016851F0E2
:1056300002010160006810F00200059005984FF427
:1056400080500090022001900220029009200490D6
:10565000644D69462800FEF73FFC4FF40064009457
:10566000022001900220039009200490694628003E
:10567000FEF732FC009401200190002003900020EE
:10568000029069465848FEF727FC002057490860F9
:10569000002200211420FEF7FFFB1420FEF70DFC72
:1056A000002200211320FEF7F7FB1320FEF705FC74
:1056B0006CE000684349884268D100200590474863
:1056C000016851F080610160016811F0806105910D
:1056D000059900210591016851F080610160006821
:1056E00010F0806005900598002005903C48016806
:1056F00051F002010160016811F002010591059964
:1057000000210591016851F002010160006810F06C
:105710000200059005984FF400500090022001907F
:1057200002200290092004902F4C69462000FEF7C9
:10573000D3FB4FF480500090022001900220039090
:105740000920049069462000FEF7C6FB4FF4006074
:1057500000900120019000200390002002906946F3
:105760002000FEF7B9FB002020490860002200213C
:105770004020FEF791FB4020FEF79FFB0022002116
:105780003F20FEF789FB3F20FEF797FB07B030BDB7
:10579000745500200064004004B80008D4B5000827
:1057A00000B600082CB6000864B10008B4B40008C4
:1057B000F8B9000838B90008EC550020B0BC000862
:1057C0009C5500200068004028B8000858B6000822
:1057D00084B60008B0B60008C0BC000840380240DB
:1057E000303802400000024000040240AC824042D7
:1057F00008B584B00023039300290EBF01930190E4
:10580000491E0291009301A904AB0748784418305F
:10581000FAF7BAFC019909B100220A70002858BFB2
:10582000039805B000BD00BF73B9FFFF38B5020093
:105830000020002A01D11C2016E01368164CA34258
:1058400001D01C2010E000290ED0144B1B68EFF390
:1058500005842343002B01D0042005E0104B1B6876
:10586000104CA34200D1042000280ED10B4D2B6810
:10587000EFF305842343002B07D02C68EFF3058357
:105880001C43B4F1F03F00D21320002802D11000D5
:1058900001F0F4FA32BD00BF4554554D58050020C3
:1058A000B4560020144F002010B50021002801D16B
:1058B0001C2114E002680D4B9A4201D01C210EE01D
:1058C0000B4C2268EFF305831A43002A07D02368A4
:1058D000EFF305821343B3F1F03F00D21321002907
:1058E00002D101F0AFFB0100080010BD4554554D39
:1058F0005805002001F000428B1AA3F16051B1F568
:10590000801F0ADBB1F17F6F1FD242EAC102C100E2
:1059100071F1004142EB507070470B15C3F1090360
:10592000212B10D2890241EA90518002012849417D
:1059300041F0004121FA03F0C3F12003994071F1D5
:10594000004150417047100070476FF0000013EBAA
:10595000103F5CBF000E42EAC05070477CB500208B
:105960000090EFF3108472B626480568264B18683D
:10597000002842D02549096889053ED5244909688F
:10598000EFF305821143234A1268002906D1D16A38
:10599000D66B360456F00046314309E0B1F1F03FD2
:1059A00003D211005FF0FF3202E05FF0F03200211D
:1059B000026041607821816017490968C160056112
:1059C00069464161002181610021C1612030134994
:1059D000096888420DD312480068186011490A68A6
:1059E0001062114A1068002807D0086811688847BB
:1059F00003E018600B490968086284F310882800E6
:105A000076BD00BFE0560020285700202C5700200C
:105A100058050020B4560020041000E02457002050
:105A200020570020145700203057002000B500BF39
:105A3000130096469446103928BFA0E80C50FAD8B7
:105A40005FEA417C28BF0CC048BF40F8042BC9075F
:105A500028BF20F8022B48BF00F8012B00BD000032
:105A60005FF08050DFF848130860EFF305800028EE
:105A700004D1EFF3108062B680F3108870472DE9EF
:105A8000FC4705005FF00009DFF828A3DAF8007092
:105A9000EFF3108072B6002D33D02968DFF8182399
:105AA00091422ED1A968D5F8A820914202D2A968C6
:105AB000C5F8A810E9680968B1F1EF3F0AD1296972
:105AC000D1F80110B1F1EF3F04D1D5F8A810EA6880
:105AD000914207D280F31088280001F01DFCEFF3FB
:105AE000108072B6D5F8A81051F8041CB1F1EF3F40
:105AF00007D080F31088280001F01EFCEFF310801F
:105B000072B680F31088EFF3108872B6BD420CD1E4
:105B1000E86C002806D010F1010F03D015F14C00FD
:105B200001F04AFCE869A5490860A54E3068401EAE
:105B30003060A86B012840F0F380A24B1C68186805
:105B4000002846D0A0490978C90742D59F4909686D
:105B5000EFF305821143DAF80020002909D1D16A58
:105B6000D2F83CC05FEA0C4C5CF0004C5CEA0101EE
:105B700009E0B1F1F03F03D211005FF0FF3202E023
:105B80005FF0F032002102604160022181609049A3
:105B90000968C1600561296B4161694681618D4970
:105BA0000968C16120308C49096888420DD38B484F
:105BB000006818608A490A6810628A4A10680028DA
:105BC00007D008681168884703E0186084490968AD
:105BD0000862002C01D0D4F80C900020A863E86A79
:105BE0000090286AA84218D0696A416208627E491A
:105BF000009A51F82220AA4248D1009A41F8220086
:105C00007A490868002841D00122009812FA00F071
:105C10000A6832EA0000086038E000207249009A01
:105C200041F822000123009813FA00F070490A6835
:105C300032EA000008606D4A1068002806D000981B
:105C400013FA00F0136833EA0000106000220868BD
:105C5000002814D120206749086000205D490860B1
:105C6000002C04D0E068814501D10020E06188F378
:105C700010883068002801D1FFF7F2FE96E090FA14
:105C8000A0F0B0FA80F082185A48026051490868C2
:105C900085423ED1574A544B106853F820000860A3
:105CA000524D2868002825D03068401C306088F3A9
:105CB0001088EFF3108872B63068401E3060002004
:105CC0002F6897FAA7F7B7FA87F738180090106887
:105CD000009A53F82220D26B90420BD3009853F8CD
:105CE000200008600122009812FA00F02A6832EAC7
:105CF00000002860002C04D0E068814501D10868CC
:105D0000E06188F310883068002801D1FFF7A8FE11
:105D10004CE0002C04D0E068814501D10868E061C6
:105D200088F310882B4801688F423FD00468EFF356
:105D3000108072B6002C32D021681F4A91422ED1B9
:105D4000A168D4F8A820914202D2A168C4F8A81092
:105D5000E1680968B1F1EF3F0AD12169D1F801107A
:105D6000B1F1EF3F04D1D4F8A810E268914207D214
:105D700080F31088200001F0CFFAEFF3108072B6A4
:105D8000D4F8A81051F8041CB1F1EF3F07D080F30C
:105D90001088200001F0D0FAEFF3108072B680F383
:105DA00010883068002801D1FFF75AFEBDE8F3875C
:105DB00004ED00E0B456002044524854105700202F
:105DC000D0560020285700202C57002058050020CE
:105DD000041000E0B856002024570020205700206F
:105DE0001457002030570020D0500020C856002003
:105DF000C4560020CC5600202DE9F84304000D00C5
:105E000016009846EFF3108772B6614B18680028A9
:105E100043D06049097809073FD55F490968EFF326
:105E2000058211435D4A1268002909D1D16AD2F86E
:105E30003CC05FEA0C4C5CF0004C5CEA010109E0FC
:105E4000B1F1F03F03D211005FF0FF3202E05FF0EA
:105E5000F0320021026041602021816050490968D0
:105E6000C16004614561A1688161C66120304D490E
:105E7000096888420DD34C48006818604B490A688D
:105E800010624B4A1068002807D0086811688847DC
:105E900003E01860454909680862A26816F002012B
:105EA000206A002800D08243022905D115EA0200A9
:105EB000A84203D0002001E015EA0200002819D012
:105EC000C8F8002016F00106012E11D100216069EA
:105ED000002803D02069002800D10121012903D125
:105EE000206A0543256203E0A06830EA0505A56045
:105EF000002049E00898002845D02E4A1168002962
:105F000001D0072040E02549D1F800902A49C9F87E
:105F10006810C9F87850C9F88060C9F87C80C9F861
:105F20006C40D9F8B010491CC9F8B010616900295B
:105F300006D1C4F81090C9F87090C9F8749009E0BF
:105F40002169C9F870104B6FC9F87430C3F87090AC
:105F5000C1F874906169491C61610721C9F830106A
:105F60000121C9F83810C9F84C001068401C1060B5
:105F700087F310884846FFF782FDEFF3108772B66B
:105F8000D9F8840000E0072087F31088BDE8F28389
:105F9000285700202C57002058050020B456002018
:105FA000041000E024570020205700201457002040
:105FB00030570020D0560020C1AC000810B50400B6
:105FC000002C01D1012033E0A0690028FFD194F812
:105FD0003900002805D1002084F83800200000F0A6
:105FE000AFF9242084F839002068C06830F40050EC
:105FF0002168C860200000F01CF82068006930F4B7
:106000009040216808612068406930F02A002168CA
:1060100048612068C06850F400502168C8600020C2
:10602000E063202084F83900202084F83A00002022
:1060300010BD2DE9F04104002068016931F44051A0
:10604000E068014320680161A1682069014360693B
:106050000143E06901432068C268B6480240114329
:106060002068C1602068416931F44071A069014332
:1060700020684161E069B0F5004F40F0AE802068D3
:10608000AD49884203D02068AC49884252D101F022
:106090006FFA804601F06CFA050001F069FA06001B
:1060A00001F066FA070001F063FA6421192202FB8D
:1060B00008F863685B00B8FBF3F35FF0640CB3FBB4
:1060C000FCF35543D4F804C05FEA4C0CB5FBFCF577
:1060D0005643D4F804C05FEA4C0CB6FBFCF65FF004
:1060E000640CB6FBFCF601FB1655ED003235642658
:1060F000B5FBF6F56D0015F4F87515EB0315574370
:1061000063685B00B7FBF3F302FB00F260684000DA
:10611000B2FBF0F06422B0FBF2F001FB1031C800DA
:1061200032306421B0FBF1F010F00700451920680F
:106130008560FDE001F011FA804601F00EFA0500DD
:1061400001F00BFA060001F008FA070001F005FA69
:106150006421192202FB08F863685B00B8FBF3F3C3
:106160005FF0640CB3FBFCF35543D4F804C05FEA62
:106170004C0CB5FBFCF55643D4F804C05FEA4C0C5C
:10618000B6FBFCF65FF0640CB6FBFCF601FB1655A3
:10619000ED0032356426B5FBF6F56D0015F4F875A3
:1061A00015EB0315574363685B00B7FBF3F302FB82
:1061B00000F260684000B2FBF0F06422B0FBF2F045
:1061C00001FB1031C80032306421B0FBF1F010F057
:1061D0000700451920688560AAE020685649884272
:1061E00003D020685549884251D101F0C1F9804659
:1061F00001F0BEF9050001F0BBF9060001F0B8F9A5
:10620000070001F0B5F96421192202FB08F8636860
:106210009B00B8FBF3F35FF0640CB3FBFCF3554356
:10622000D4F804C05FEA8C0CB5FBFCF55643D4F8F7
:1062300004C05FEA8C0CB6FBFCF65FF0640CB6FBA6
:10624000FCF601FB16552D0132356426B5FBF6F53B
:1062500015F0F00515EB0315574363689B00B7FB7A
:10626000F3F302FB00F260688000B2FBF0F06422FE
:10627000B0FBF2F001FB1031080132306421B0FBB9
:10628000F1F010F00F0045192068856050E001F032
:1062900064F9804601F061F9050001F05EF906003D
:1062A00001F05BF9070001F058F96421192202FBA3
:1062B00008F863689B00B8FBF3F35FF0640CB3FB72
:1062C000FCF35543D4F804C05FEA8C0CB5FBFCF535
:1062D0005643D4F804C05FEA8C0CB6FBFCF65FF0C2
:1062E000640CB6FBFCF601FB16552D013235642615
:1062F000B5FBF6F515F0F00515EB0315574363688C
:106300009B00B7FBF3F302FB00F260688000B2FB76
:10631000F0F06422B0FBF2F001FB103108013230E2
:106320006421B0FBF1F010F00F0045192068856082
:10633000BDE8F081F369FFFF001001400014014047
:106340007047000070B504000D00002603E0A05D5A
:1063500001F066F9761CAE42F9D370BD10B50C00A1
:10636000416862292DD2B0F90010426891420CD2E6
:10637000416806E000EB0102D27900EB01031A72DA
:10638000491EB0F900208A42F4D30188491C0180DB
:106390004168491C4160B0F9001001440C720021B1
:1063A000426802441172B0F90010491C40688142F1
:1063B00002D2A048FDF786FBE4B2200001F030F9DC
:1063C0000DE061214160B0F900104268914202D3B2
:1063D0004168491E0180002142681044017210BDCD
:1063E00038B50400002506E004EB050090F86C00C9
:1063F00001F016F96D1C94F880008542F4D331BD8C
:1064000080B55FF0FF310180002141608A48018D35
:1064100041850D2001F004F90A2001F001F901BDC8
:1064200080B55FF0FF310180002141608248018D1D
:1064300041850A2001F0F4F801BD80B5B0F90010E3
:10644000002918D4B0F9001006E000EB0102527ADE
:1064500000EB01031A72491C42689142F5D301888E
:10646000491E01804168491E4160082001F0D8F8AA
:106470007248FDF727FB01BD38B505006E4C608DF5
:10648000002823D06E48FDF71DFB2000FDF71AFB06
:1064900015F10802618D14F12400FEF7A5FD15F138
:1064A0000800FAF7A7FE68606868401E28806968DF
:1064B00015F10800FFF746FF608D401E6085608D76
:1064C000002801D1208D00E0608D608531BD38B598
:1064D0000500594C608D002824D05948FDF7F2FA88
:1064E0002000FDF7EFFA15F10802618D14F1240088
:1064F000FEF77AFD15F10800FAF77CFE686068681F
:10650000401E2880696815F10800FFF71BFF608DA9
:10651000401C6085208D618D884201D2012000E001
:10652000608D608531BD80B5B0F90010002905D4BB
:106530000188491E01804348FDF7C4FA01BD80B5BA
:10654000B0F900104268521E914205DA0188491CD8
:1065500001803D48FDF7B6FA01BD70B50600364D25
:1065600016F108012800FEF71FFC0400002C3AD0A9
:106570007068002820D12DA42000FDF7A3FA002682
:106580000CE0286A3200D2B201FB02F1014428A0DB
:10659000FDF798FA2000FDF795FA761C1421286A79
:1065A0003200D2B24A431044C0680028E9D1290021
:1065B0001FA0FDF787FA16E02148FDF783FA2800AF
:1065C000FDF780FA2000FAF715FE70607068401E33
:1065D0003080210016F1080000F042F8716816F1D1
:1065E0000800FFF7AFFE70BD80B590F86E1033293C
:1065F0001AD1B0F90010491C06E000EB0102527AF2
:1066000000EB01031A72491C42689142F5D3B0F9BC
:106610000010426812B2914206DA4168491E416098
:1066200004210648FFF78EFE01BD00000D0A0000A0
:106630002573000058BE00082004002060BE00083A
:1066400068BE000870BE000878BE000810B5044699
:10665000FBF73AFA014620460969BDE810400847B1
:106660005FEA000C11F8012B00F8012B12B111F8B0
:10667000012BF9E76046704770B50D462C7834B9A8
:1066800070BD11F8013F1678B34206D0401C214678
:10669000FAF778FD28B101462A4612F8013F002B8F
:1066A000EFD170BD38B50400002C01D10120AEE05F
:1066B00094F82000002802D12000FEF78CFF20680B
:1066C000006830F0020021680860FDF729FD050030
:1066D0002068406880070DD5FDF722FD401B0B2880
:1066E000F6D3606A50F400306062052084F8200020
:1066F00001208CE02068006850F0010021680860EB
:10670000FDF70EFD050020684068C0070DD4FDF7B9
:1067100007FD401B0B28F6D3606A50F4003060621E
:10672000052084F82000012071E0207E012806D198
:106730002068006850F080002168086005E020684B
:10674000006830F0800021680860607E012806D172
:106750002068006850F040002168086005E020686B
:10676000006830F0400021680860A07E012806D152
:106770002068006850F020002168086005E020686B
:10678000006830F0200021680860E07E012806D112
:106790002068006830F010002168086005E020687B
:1067A000006850F0100021680860207F012806D1A1
:1067B0002068006850F008002168086005E0206843
:1067C000006830F0080021680860607F012806D169
:1067D0002068006850F004002168086005E0206827
:1067E000006830F0040021680860A168E068014397
:1067F00020690143606901436068401E01432068CD
:10680000C16100206062012084F82000002032BDB8
:1068100030B4026890F820201300DBB2012B03D0C3
:10682000D2B2022A40F07F80594AD2F8000250F0DA
:106830000100C2F80002D2F8000230F47C50C2F825
:106840000002D2F800024B6A50EA0320C2F80002AC
:1068500001200B7D13F01F0310FA03F3D2F81C0282
:106860009843C2F81C02C869002816D1D2F80C025D
:106870009843C2F80C02486902EBC000CC684D682E
:10688000C5EA0444C0F84042486902EBC0008C6885
:106890000D68C5EA0444C0F84442C869012816D10D
:1068A000D2F80C021843C2F80C02486902EBC0008F
:1068B0000C684D68C5EA0444C0F84042486902EBE0
:1068C000C0008C68CD68C5EA0444C0F844428869B9
:1068D000002805D1D2F804029843C2F8040204E06B
:1068E000D2F804021843C2F804020869002805D14E
:1068F000D2F814029843C2F8140204E0D2F8140249
:106900001843C2F81402086A012804D1D2F81C0204
:106910000343C2F81C32D2F8000240084000C2F81B
:106920000002002004E0416A51F48021416201200C
:1069300030BC704738B5040094F82000012821D1FC
:10694000022084F820002068006840084000216888
:106950000860FDF7E5FB050020684068C0070DD51D
:10696000FDF7DEFB401B0B28F6D3606A50F40030C5
:106970006062052084F82000012008E000206062A9
:10698000002004E0606A50F400206062012032BD03
:106990000064004070B490F820500468A6688C68C9
:1069A000002CFFD02C00E4B2012C02D0EDB2022D5D
:1069B0006ED116F0E05F65D0C6F30164032C05D3F9
:1069C000416A51F400014162012066E00125A540C1
:1069D0001D608B68002B09D10B68CD6855EA4355C3
:1069E000036826013344C3F880510AE04B688D6880
:1069F00055EAC305CB681D43036826013344C3F839
:106A000080510B69056826013544C5F88431097D3C
:106A100001290BD1016823011944D1F8841151F4E3
:106A20008071036825012B44C3F88411D1799379CF
:106A30001B0453EA0163517953EA012311790B4393
:106A4000016825012944C1F88C31D17893781B0461
:106A500053EA0163517853EA012311780B4301682B
:106A600022011144C1F88831016822011144D1F892
:106A7000801151F00101006822011044C0F880111A
:106A800000200AE0416A51F400114162012004E053
:106A9000416A51F480214162012070BC704710B4FA
:106AA0000200002092F820301C00E4B2012C02D039
:106AB000DBB2022B07D11268926812EA8162B2EB54
:106AC000816F00D0012010BC704730B490F8204096
:106AD0002500EDB2012D03D0E4B2022C40F09880E5
:106AE00000290AD10468E46814F0030F10D1416A48
:106AF00051F40011416201208FE00468246914F010
:106B0000030F05D1416A51F400114162012084E074
:106B100004680D012C44D4F8B04114F004049460CE
:106B20009468002C07D104680D012C44D4F8B041BE
:106B3000640D146006E004680D012C44D4F8B041E3
:106B4000E408546004680D012C44D4F8B041C4F347
:106B50004004D46004680D012C44D4F8B44114F00E
:106B60000F04146104680D012C44D4F8B441C4F33B
:106B70000724946104680D012C44D4F8B441240C1A
:106B8000546102680C012244D2F8B8211A700268DC
:106B90000C012244D2F8B821120A5A7002680C0182
:106BA0002244D2F8B821120C9A7002680C012244D7
:106BB000D2F8B821120EDA7002680C012244D2F821
:106BC000BC211A7102680C012244D2F8BC21120ABD
:106BD0005A7102680C012244D2F8BC21120C9A713D
:106BE00002680C012244D2F8BC21120EDA7100298D
:106BF00006D10168C96851F020010068C16005E054
:106C00000168096951F0200100680161002004E079
:106C1000416A51F480214162012030BC704790F8F4
:106C200020201300DBB2012B02D0D2B2022A06D1FF
:106C300002685269114300684161002004E0416A22
:106C400051F480214162012070472DE9F84F050081
:106C5000002428684669286847682868D0F80880B2
:106C60002868D0F80C902868D0F810A02868D0F8D0
:106C700018B0F00755D55FEAC87018D5012029680B
:106C800088605FEA887003D5280000F0CFFC0EE032
:106C90005FEA487002D554F4006408E05FEA0870C7
:106CA00002D554F4805402E0280000F0C0FC5FEAF2
:106CB000C85019D54FF48070296888605FEA885001
:106CC00003D5280000F0B4FC0EE05FEA485002D57E
:106CD00054F4005408E05FEA085002D554F48044AC
:106CE00002E0280000F0A5FC5FEAC83019D55FF487
:106CF0008030296888605FEA883003D5280000F07A
:106D000099FC0EE05FEA483002D554F4004408E0F4
:106D10005FEA083002D554F4803402E0280000F025
:106D20008AFC300707D55FEAC96004D554F40074C3
:106D300010202968C860700708D55FEA097005D57A
:106D400008202968C8602800FEF70AFBB00707D5AD
:106D50002868C06810F0030F02D02800FEF706FB79
:106D6000700607D55FEACA6004D554F48064102029
:106D700029680861B00608D55FEA0A7005D50820C1
:106D800029680861280000F057FCF00607D528683C
:106D9000006910F0030F02D0280000F04EFCB00391
:106DA00007D5F80605D5102029684860280000F0AE
:106DB00045FCF00307D5380705D508202968486049
:106DC000280000F03CFC30044DD5780748D5F0058C
:106DD00006D51BF00100C0B2002801D054F0010418
:106DE000B00504D55FEA8B7001D554F0020470053C
:106DF00004D55FEA4B7001D554F0040430052FD55B
:106E00001BF0700F2CD01BF0700BBBF1100F0FD0CC
:106E1000BBF1200F0FD0BBF1300F0FD0BBF1400FF3
:106E20000FD0BBF1500F0FD0BBF1600F0FD011E0AE
:106E300054F008040EE054F010040BE054F0200469
:106E400008E054F0400405E054F0800402E054F4FB
:106E50008074FFE72868806930F0700029688861D5
:106E6000042029684860002C05D0686A04436C62DD
:106E7000280000F0E5FBBDE8F18F0000F8B5060042
:106E80000C00EFF3108772B6634B1868002841D0EE
:106E90006249097889063DD561490968EFF30582A1
:106EA0001143604A1268002906D1D16AD56B2D04BE
:106EB00055F00045294309E0B1F1F03F03D211003C
:106EC0005FF0FF3202E05FF0F032002102604160CB
:106ED0003421816054490968C16006614461F168E8
:106EE0008161B168C16120305049096888420DD381
:106EF0004F48006818604F490A6810624E4A10688F
:106F0000002807D008681168884703E018604949DD
:106F10000968086243480568B068002822D101204A
:106F2000B060F560002D19D03069012803D1E86AFE
:106F300070612020B062D5F8A400002805D0016B54
:106F40000663CE623163F06203E0C5F8A460F662C6
:106F50003663D5F8A000401CC5F8A00087F3108860
:106F6000002058E0F068A84206D1B068401CB0602C
:106F700087F3108800204EE0002C49D02F49086884
:106F8000002803D087F310881D2044E0F2682C48C5
:106F9000A866EE66D5F8B000401CC5F8B000F069F0
:106FA000002803D1B5612D676D6705E0B0692867DA
:106FB000436F6B671D674567F069401CF0610D20EA
:106FC00028630120A863EC640868401C086087F30C
:106FD00010883069012815D1E86AB16A884201D267
:106FE000E86AB062E86AD2F89C10884202D2E86A85
:106FF000C2F89C00E86AD16A884203D2E96A1000AC
:1070000000F020FB2800FEF73AFDD5F8840002E0EE
:1070100087F310881D20F2BD285700202C57002030
:1070200058050020B4560020041000E0245700202A
:10703000205700201457002030570020D056002041
:1070400075AA0008F8B504002025EFF3108672B683
:10705000A74B1868002842D0A649097889063ED572
:10706000A5490968EFF305821143A44A1268002973
:1070700006D1D16AD76B3F0457F00047394309E086
:10708000B1F1F03F03D211005FF0FF3202E05FF098
:10709000F03200210260416039218160984909681D
:1070A000C1600461E1684161A16881616946C161B3
:1070B00020309449096888420DD3934800681860CD
:1070C00092490A681062924A1068002807D008683E
:1070D0001168884703E018608C4909680862A06855
:1070E000002800F00081E16884480068E26882427C
:1070F00006D088480068002802D186F310881E2533
:10710000202D40F0F380A068401EA060A0680028F9
:1071100003D086F310880025E8E0002903D186F328
:1071200010880025E2E0D1F8A000401EC1F8A000C0
:10713000D1F8A000002803D10020C1F8A40009E084
:10714000E06A226B0263D062D1F8A420A24201D18E
:10715000C1F8A400A069002807D12069002804D143
:107160000020E06086F310880025202D40F0BE80CE
:107170000025D1F8940000902069012824D1654BA6
:107180001868401C186086F310882022D1F8A400EB
:107190000CE00669012E03D1866A964200D2826A0B
:1071A000C06AD1F8A460B04200D100200028F0D11C
:1071B000EFF3108672B61868401E1860C1F89C2064
:1071C0000098824200D20092E069022811D320691F
:1071D00001280ED14F4F3868401C386086F3108864
:1071E000200000F0A7FAEFF3108672B63868401E50
:1071F0003860A06900281ED1464D2868401C2860D0
:1072000086F310882020A062E068C06A0099884256
:1072100003D00099E06800F015FAEFF3108072B621
:107220002968491E29600021E16080F3108800F080
:1072300043FB00255AE0A7692069012804D1E568CD
:10724000F86A60612020A062D7F8A000002804D16D
:10725000C7F8A440E462246306E0D7F8A4100A6BE0
:107260000C63D4622263E162401CC7F8A0000120D5
:10727000A060E760E069401EE061E069002802D19B
:107280000020A06104E0386FA061796F4167086752
:107290000020B8660020C7F884001E480168491C19
:1072A000016086F310882069012817D1E069002861
:1072B0000CD0200000F03EFAEFF3108172B6A06906
:1072C000002801D0C06AA06281F31088E86A0099A2
:1072D000884203D00099280000F0B4F9380000F08B
:1072E0004CFB002502E086F310881E252800F2BD25
:1072F000285700202C57002058050020B4560020A5
:10730000041000E0245700202057002014570020CC
:1073100030570020D056002010B5EFF3108472B61D
:10732000044A1168002901D01168884784F3108845
:1073300010BD00BFDC56002070B4EFF3108372B6AE
:10734000002833D01B4D0168A9422FD1C268002A02
:107350002CD0D0F8A810002928D083F310888B1ADD
:107360009B105B0802EB83042668B6F1EF3F01D067
:10737000210000E02200022BF1D22168B1F1EF3FA1
:1073800001D1241DF9E7EFF3108372B60168A94219
:107390000CD1C168A14209D2D0F8A8108C4205D204
:1073A0002168B1F1EF3F01D0C0F8A84083F3108805
:1073B00070BC7047445248540268002A27D012F12A
:1073C000010F24D08169002921D1212A01D31F2254
:1073D00000E0521E0E49096801EB82020D490B685C
:1073E0009A4206D30968521A92100B49096801EBB8
:1073F00082021168002903D100614061106005E03C
:1074000011684B691861486101614361826170478D
:10741000F0560020EC560020E85600202DE9F041FF
:1074200004000E00002C01D1012091E0564D286887
:1074300010F00700B04207D22E70286810F0070045
:10744000B04201D0012083E02078800716D5207853
:10745000400704D54D48016851F4E051016020789F
:10746000000704D54948016851F46041016047496B
:107470000A6832F0F002A06802430A602078C00770
:1074800035D56068012805D141480068800313D4D0
:1074900001205DE06068022802D06068032805D101
:1074A0003B480068800107D4012051E0384800685B
:1074B000800701D401204BE0344F396889088900E6
:1074C000606801433960FCF72BFE8046386810F095
:1074D0000C006168B0EB810F09D0FCF721FEB0EB26
:1074E000080041F289318842F0D3032030E0286857
:1074F00010F00700864207D22E70286810F00700AF
:10750000B04201D0012023E02078400706D51F4972
:107510000A6832F4E052E06802430A60207800070B
:1075200007D51A48016831F46041226951EAC20165
:10753000016000F035F81749144A1268C2F30312CB
:10754000895CC840144908600F20FCF7E7FD002063
:10755000BDE8F08110480068704780B5FFF7FAFF7A
:107560000E490A4A1268C2F38222895CC84002BDF1
:1075700080B5FFF7EFFF0949044A1268C2F34232AF
:10758000895CC84002BD0000003C0240083802404F
:107590000038024030BD000854050020B8BE000885
:1075A00010B500200020002000201948006810F0CD
:1075B0000C00002804D0042804D0082804D025E0BA
:1075C000144824E0144822E0144C226812F03F02D0
:1075D0002068400209D52068C0F388100E49A1FB3D
:1075E00000010023FAF778FA08E02068C0F3881059
:1075F0000849A1FB00010023FAF76EFA2168C1F3E4
:107600000141491C4900B0FBF1F000E0014810BD08
:10761000083802400024F40000127A0004380240C6
:107620000149FDF7F3B900BF5C05002070477047C2
:107630007047704770477047704770477047704792
:10764000704700002DE9F04104000D00EFF31081B8
:1076500072B6206B00280CD0E562D4F89800A842DE
:1076600003D2D4F89800E06300E0E56381F310886A
:1076700055E02C4E3768D4F82C802B480268921CB9
:107680000260032020630120A0630020E06481F3F6
:1076900010882000FEF7F3F9EFF3108072B6E56270
:1076A000D4F89810A94203D2D4F89810E16300E00E
:1076B000E56380F31088200000F05FF9EFF310819C
:1076C00072B63268944228D0206B002825D1D06A47
:1076D000E36A984209D3BC421FD13460A8451CD24A
:1076E0001248E26A40F8224017E0E06BE36A9842F1
:1076F00013D2D06AE36B984207D33460A8450CD20A
:107700000A48E26A40F8224007E00123D06A13FAEF
:1077100000F0074A13681843106081F31088BDE831
:10772000F08100BFB8560020D0560020D050002075
:10773000C8560020F8B50400EFF3108572B64D4B23
:107740001868002842D04C49097889063ED54B4933
:107750000968EFF305821143494A1268002906D1EE
:10776000D16AD66B360456F00046314309E0B1F1D8
:10777000F03F03D211005FF0FF3202E05FF0F03221
:10778000002102604160382181603E490968C16082
:107790000461E1694161694681610021C161203074
:1077A0003949096888420DD338480068186038495B
:1077B0000A681062374A1068002807D00868116804
:1077C000884703E01860324909680862E069009060
:1077D0000098022802D285F3108849E00098022818
:1077E00009D1A069016FCA6AC06A824200D2A16150
:1077F00085F310883CE0A1690A00166F264B1868D3
:10780000401C18600020F76AD2F82CC0674500D2EF
:10781000320085F31088EFF3108572B6A769B9427C
:1078200001D0012005E0009FD4F81CC0674500D0BE
:107830000120002801D1366F05E0A169E0690090C0
:107840000A00166F00208E42DDD11868401E1860B5
:107850008A4209D0106F536F43671867486F1167EA
:10786000506702674A67A26185F3108800F024F828
:107870000020F2BD285700202C570020580500207A
:10788000B4560020041000E02457002020570020A8
:107890001457002030570020D05600205FF0805051
:1078A00029490860EFF30580002804D1EFF3108028
:1078B00062B680F31088704710B52448006800282D
:1078C00041D12348006823490C68A0423BD0EFF324
:1078D000108072B6002C32D021681F4A91422ED1FE
:1078E000A168D4F8A820914202D2A168C4F8A810D7
:1078F000E1680968B1F1EF3F0AD12169D1F80110BF
:10790000B1F1EF3F04D1D4F8A810E268914207D258
:1079100080F310882000FFF7FFFCEFF3108072B6B1
:10792000D4F8A81051F8041CB1F1EF3F07D080F350
:1079300010882000FFF700FDEFF3108072B680F38F
:107940001088FFF7ABFF10BD04ED00E0D05600201B
:10795000B4560020B8560020445248545FF080507E
:10796000DFF848130860EFF30580002804D1EFF337
:10797000108062B680F3108870472DE9FC41050045
:107980005FF00008EFF3108072B6002D33D0296845
:10799000DFF81C2391422ED1A968D5F8A820914286
:1079A00002D2A968C5F8A810E9680968B1F1EF3FEB
:1079B0000AD12969D1F80110B1F1EF3F04D1D5F80E
:1079C000A810EA68914207D280F310882800FFF7D8
:1079D000A3FCEFF3108072B6D5F8A81051F8041C80
:1079E000B1F1EF3F07D080F310882800FFF7A4FC27
:1079F000EFF3108072B680F31088EFF3108772B641
:107A0000686E002804D015F14C0000F071F901E017
:107A10000020E864A74B1C681868002843D0A649DA
:107A20000978C9073FD5A5490968EFF305821143D5
:107A3000A34A1268002906D1D16AD66B360456F0E3
:107A40000046314309E0B1F1F03F03D211005FF08D
:107A5000FF3202E05FF0F03200210260416001215C
:107A6000816098490968C1600561296B4161694677
:107A7000816195490968C16120309449096888424B
:107A80000DD393480068186092490A681062924AC0
:107A90001068002807D008681168884703E018605C
:107AA0008C4909680862002C01D0D4F80C808B4EF8
:107AB0003068401E3060A86B002840F09380286B2F
:107AC000002800F0A180686B002840F0868000202C
:107AD0002863E96A824A52F82100002877D142F8E7
:107AE00021502D626D62012212FA01F07D4BD3F814
:107AF00000C050EA0C0018607B480368994280F08F
:107B000083800160704B186800900098002801D1B4
:107B10001D6079E00098C06B814275D20098C06BFF
:107B20000099C96A884207D00098C06A12FA00F02A
:107B30006E490A68104308601D60002C04D0E0689C
:107B4000804501D11868E06187F310881C68EFF365
:107B5000108072B6002C32D02168554A91422ED145
:107B6000A168D4F8A820914202D2A168C4F8A81054
:107B7000E1680968B1F1EF3F0AD12169D1F801103C
:107B8000B1F1EF3F04D1D4F8A810E268914207D2D6
:107B900080F310882000FFF7BFFBEFF3108072B670
:107BA000D4F8A81051F8041CB1F1EF3F07D080F3CE
:107BB00010882000FFF7C0FBEFF3108072B680F34F
:107BC00010883068002801D1FFF7C8FE6CE0416AD8
:107BD0000D6245626962286216E000206863032036
:107BE000286311E0286B01280ED0286B02280BD0E7
:107BF000686B002804D10020A8630020286303E0FC
:107C00000020686303202863002C05D0E0688045CD
:107C100002D12D480068E0612948006887F3108888
:107C200029490A6890423FD00C68EFF3108072B681
:107C3000002C32D021681E4A91422ED1A168D4F87E
:107C4000A820914202D2A168C4F8A810E16809688E
:107C5000B1F1EF3F0AD12169D1F80110B1F1EF3F45
:107C600004D1D4F8A810E268914207D280F31088BA
:107C70002000FFF751FBEFF3108072B6D4F8A81084
:107C800051F8041CB1F1EF3F07D080F310882000B9
:107C9000FFF752FBEFF3108072B680F31088306864
:107CA000002801D1FFF75AFEBDE8F38104ED00E0A2
:107CB00044524854285700202C57002058050020D3
:107CC000B4560020041000E0B856002024570020CD
:107CD000205700201457002030570020D056002095
:107CE000D0500020C4560020CC560020C85600209A
:107CF0008169002912D00269904205D10A68824246
:107D00000AD100220A6007E0436953611A610B68D7
:107D1000834201D191610A600021816170470000B6
:107D200010B50400002C01D1012047E0606A002852
:107D3000A06AB0F5005F94F85100002805D100203A
:107D400084F85000200000F064FA022084F851000A
:107D50002068006830F04000216808606168A06811
:107D60000143E06801432069014360690143A06960
:107D700010F400700143E0690143206A0143A06AE6
:107D8000014320680160A169090C11F00401606AD7
:107D9000014320684160A06AB0F5005F02D1E06A4B
:107DA000216808612068C06930F400602168C861FA
:107DB00000206065012084F85100002010BD10B53E
:107DC0000400002C01D1012014E0022084F85100AD
:107DD0002068006830F0400021680860200000F052
:107DE00045FB00206065002084F85100002084F8E5
:107DF0005000002010BD2DE9FC4705000C00914605
:107E00009A465FF00108002695F85000012801D13C
:107E100002204AE1012085F85000FCF781F90700B3
:107E200095F85120686851461300DBB2012B0AD047
:107E3000B0F5827F05D1A868002802D1D2B2042A09
:107E400001D0022629E1002C06D0B9F1000F03D0A1
:107E5000504680B2002801D101261EE195F851005C
:107E6000042802D0052085F8510000206865C5F877
:107E70003890A5F83EA0A5F83CA02C63A5F836A044
:107E8000A5F834A00020286400206864A86AB0F532
:107E9000005F0BD12868006830F400502A68106039
:107EA0002868006850F400502A681060286800684C
:107EB000400605D42868006850F040002A68106029
:107EC0000A9CE868B0F5006F56D16868002802D0B7
:107ED00089B2012909D1286B00882968C860286BFC
:107EE000801C2863E88E401EE886E88E002803D1B7
:107EF000E88F002800F098802868806880071ED5E9
:107F0000E88E00281BD0B8F1010F18D1286B00882B
:107F10002968C860286B801C2863E88E401EE886AC
:107F20005FF00008E88E002809D1A86AB0F5005F6C
:107F300005D12868006850F48050296808602868D6
:107F40008068C0070ED5E88F00280BD02868C0686D
:107F5000A96B0880A86B801CA863E88F401EE88787
:107F60005FF00108FCF7DCF8C01BA042BDD314F1A0
:107F7000010FBAD0032690E06868002802D089B2C9
:107F8000012909D1286B007829680873286B401CE7
:107F90002863E88E401EE886E88E002802D1E88F2C
:107FA000002841D02868806880071ED5E88E002808
:107FB0001BD0B8F1010F18D1286B0078296808731D
:107FC000286B401C2863E88E401EE8865FF000089E
:107FD000E88E002809D1A86AB0F5005F05D12868AD
:107FE000006850F480502968086028688068C007DD
:107FF0000ED5E88F00280BD02868C068A96B0870E0
:10800000A86B401CA863E88F401EE8875FF001085A
:10801000FCF786F8C01BA04202D314F1010F01D176
:10802000002CB9D1032638E0A86AB0F5005F10D162
:108030000097230001220121280000F038F80028D1
:1080400005D0686D50F002006865032625E02868B9
:10805000C06828688068C00608D5686D50F00200C6
:1080600068654FF6EF702968886001263A002100A4
:10807000280000F06CF8002803D001262020686555
:108080000BE0A868002808D1002000902868C0688C
:1080900000902868806800900098012085F85100C1
:1080A000002085F850003000C0B2BDE8F6872DE909
:1080B000F04105000E0090461C00069F286880686D
:1080C0003040B04201D1012000E000204146C9B259
:1080D000884239D014F1010FF0D0FCF721F8C01B11
:1080E000A04201D2002CE9D12868406830F0E000BD
:1080F000296848606868B0F5827F0DD1A868B0F53E
:10810000004F03D0A868B0F5806F05D128680068DB
:1081100030F0400029680860A86AB0F5005F0BD114
:108120002868006830F400502968086028680068F2
:1081300050F4005029680860012085F851000020A3
:1081400085F85000032000E00020BDE8F0811CB558
:1081500004000B000092002280212000FFF7A7FFFF
:10816000002805D0606D50F020006065032000E01D
:10817000002016BD80B50020A94908700222012107
:10818000382000F001F801BD10B5A64B1C688442F0
:1081900007D1A54C24688C4203D1A44C2468944296
:1081A00036D01860A04B1960A04B1A60A04CA14BB0
:1081B0002360E0610020A060616122610020E06036
:1081C00000202062002060620020A0620720E062A0
:1081D0004FF40070A0614FF4827060602000FFF7E0
:1081E000EEFD002804D0542293499448FBF76AFC22
:1081F0002000FFF795FD002804D05A228E498F48B1
:10820000FBF760FC2068006850F0400021680860BF
:1082100010BD18B58BB00168864A91424DD100203F
:1082200000908748016851F002010160016811F077
:1082300002010091009900210091016851F00201B2
:108240000160016811F00201009100990021009184
:10825000016851F002010160006810F00200009016
:108260000098002000907748016851F48051016027
:10827000006810F4805000900098082006900220BA
:108280000790012008900220099005200A906E4C6A
:1082900006A92000FBF720FE1020069005200A907A
:1082A00006A92000FBF718FE2020069005200A9062
:1082B00006A92000FBF710FE51E0006863498842E0
:1082C0004DD1002000905E48016851F0020101602C
:1082D000016811F0020100910099002100910168EC
:1082E00051F004010160016811F00401009100994E
:1082F00000210091016851F004010160006810F054
:10830000040000900098002000905148016851F44A
:1083100080410160006810F48040009000984FF4A4
:10832000005001900220029001200390022004904E
:108330000520059001A94448FBF7CEFD04200190DB
:1083400005200590434C01A92000FBF7C5FD08203E
:1083500001900520059001A92000FBF7BDFD0CB0A0
:1083600010BD80B53C48016841F20102914211D232
:108370004FF47A71009103689BB2384A38492C480F
:10838000FFF739FD002805D04FF495722A492B4894
:10839000FBF798FB01BD01202149087070470020C0
:1083A0001F490870704780B500220021382000F076
:1083B00001F801BD10B52B4C244B2360E061002077
:1083C000A060616122610020E06000202062002046
:1083D00060620020A0620A20E0624FF40070A06199
:1083E0004FF4827060602000FFF7E9FC002805D0A0
:1083F00040F2A51210491C48FBF764FB2000FFF770
:108400008FFC002805D040F2AB120B491648FBF751
:1084100059FB2068006850F040002168086010BDDA
:1084200045570020485600204C560020505600204A
:108430003052002000300140A8B1000814B50008F7
:108440003038024044380240000402400038004006
:1084500040380240000802405456002024160020F4
:108460002406002088520020DCB600087047000077
:108470002DE9FC410400002C01D1012098E1207875
:10848000C0075CD5DFF82C03016811F00C0104294A
:1084900009D0006810F00C0008280ED1DFF818038E
:1084A0000068400209D5DFF814030068800346D550
:1084B0006068002843D101207AE16068B0F5803F10
:1084C00006D1DFF8F802016851F48031016017E04D
:1084D0006068B0F5A02F0AD1DFF8E002016851F41E
:1084E00080210160016851F48031016008E0B348E7
:1084F000016831F480310160016831F4802101604C
:10850000606800280DD0FBF70BFE0500AB48006843
:10851000800314D4FBF704FE401B6528F6D3032028
:1085200046E1FBF7FDFD0500A4480068800306D581
:10853000FBF7F6FD401B6528F6D3032038E12078D1
:1085400080071DD59B48016811F00C0F08D000680A
:1085500010F00C0008282AD197480068400226D461
:1085600096480168890704D5E168012901D00120F6
:108570001EE1016831F0F801226951EAC20101608F
:108580002078000751D5606900283DD001208C4932
:108590000860FBF7C5FD05008A480068800744D4E1
:1085A000FBF7BEFD401B0328F6D3032000E1E06883
:1085B000002818D0012084490860FBF7B1FD0500B0
:1085C0007E480168890706D4FBF7AAFD401B0328F3
:1085D000F6D30320ECE0016831F0F801226951EA9A
:1085E000C2010160CCE7002077490860FBF798FDE5
:1085F0000500724800688007C2D5FBF791FD401B5B
:108600000328F6D30320D3E000206D490860FBF770
:1086100087FD05006B480068800706D5FBF780FDE5
:10862000401B0328F6D30320C2E0207840076FD513
:108630000026664D2868C0000BD4002000902868F2
:1086400050F080502860286810F08050009000980A
:1086500001265F4F3868C00511D4386850F4807027
:108660003860FBF75DFD80463868C00507D4FBF72E
:1086700057FDB0EB08000328F6D3032098E0A0686C
:10868000012805D15348016851F00101016015E04E
:10869000A068052809D14F48016851F00401016024
:1086A000016851F00101016008E04A480168490889
:1086B00049000160016831F004010160A0680028F0
:1086C0000FD0FBF72DFD070042480068800718D443
:1086D000FBF726FDC01B41F289318842F4D3032009
:1086E00066E0FBF71DFD07003A480068800708D5E3
:1086F000FBF716FDC01B41F289318842F4D30320F9
:1087000056E0F6B2012E03D1286830F08050286080
:10871000A06900284BD02748006810F00C000828FA
:1087200043D0A06902282FD12B4E00203060FBF7E8
:10873000F7FC0700214D2868800106D5FBF7F0FC07
:10874000C01B0328F6D3032032E0E169206A01430D
:10875000606A51EA8011A06A4008401E51EA004157
:10876000E06A51EA00611448016001203060FBF7C3
:10877000D7FC04002868800119D4FBF7D1FC001B4A
:108780000328F7D3032013E0002013490860FBF708
:10879000C7FC040009480068800108D5FBF7C0FC4D
:1087A000001B0328F6D3032002E0012000E0002094
:1087B000BDE8F68108380240043802400038024023
:1087C000800E474274380240000047424038024061
:1087D00000700040703802406000474210B504004D
:1087E00000202068406BC00559D54FF48070216887
:1087F00088632068C16B6D4801402068C163206BAD
:10880000000725D5206B800702D4206B80060AD58F
:10881000206800F09EF9002805D0A16B0843A063F2
:10882000200000F065FA40F2FF50216888630120C3
:1088300084F83400206BC00702D4206B800703D576
:10884000200000F05FFAAFE0200000F057FAABE044
:10885000206B000640F1A880206B80060AD52068B6
:1088600000F077F9002805D0A16B0843A063200031
:1088700000F03EFA206BC00700F19680206B800765
:1088800000F192802068C06A30F008002168C86258
:10889000012084F83400200000F030FA84E02068E1
:1088A000406B400407D54FF4804021688863200066
:1088B00000F012F978E02068406B000407D54FF40F
:1088C000004021688863200000F0F3F86CE0206825
:1088D000406B40F23A21084266D02068406B800726
:1088E00003D5A06B50F00200A0632068406B000726
:1088F00003D5A06B50F00800A0632068406B800691
:1089000003D5A06B50F02000A0632068406BC00628
:1089100003D5A06B50F01000A0632068406B800569
:1089200003D5A06B50F00800A06340F2FF702168EF
:1089300088632068C16B1D4801402068C163206BBB
:10894000000628D5206C00280CD00FF29100216C75
:108950000865206CFAF799F9002825D0206C00F002
:108960003DF821E0E06B00280CD00FF2C500E16B70
:108970000865E06BFAF789F9002815D0E06B00F084
:1089800057F811E00020A063012084F83400200093
:1089900000F0B0F908E0206B000705D5012084F84D
:1089A0003400200000F0A4F910BD0000C5FCFFFF5A
:1089B0001CB504000420002000200090694620001F
:1089C00000F060F8002802D0A16B0843A063009873
:1089D000400A10F00F00C0B216BD000010B5846B45
:1089E000206C002801D000202064E06B00281ED1FC
:1089F0002000FFF7DDFF0021A163012184F834107E
:108A00000100C9B2062902D0C0B205280FD12068E2
:108A100000F09FF8A16B0843A063A06B002803D06F
:108A2000200000F067F902E0200000F061F910BDBD
:108A300010B5846BE06B002801D00020E063206C4F
:108A400000281ED12000FFF7B3FF0021A163012100
:108A500084F834100100C9B2062902D0C0B205283A
:108A60000FD1206800F075F8A16B0843A063A06BDC
:108A7000002803D0200000F03DF902E0200000F0C3
:108A800037F910BD38B505000C000020002C02D1CC
:108A90005FF000600CE0296D0904286800F074F8AC
:108AA000002805D10021286800F049F82060002046
:108AB00032BD70B504000020A66A002505E02068DC
:108AC00000F01EF846F825006D1C082DF7D3A06AAB
:108AD0002030A062002070BD70B504000020266A1E
:108AE000002505E006EB8501206800F00CF86D1C00
:108AF000082DF7D3206A20302062002070BD0000CE
:108B0000D0F8800070470968C0F8801000207047D6
:108B100010B400230A6882604C688A681443CA68EB
:108B2000144309690C432343C168090B09030B4330
:108B3000C360002010BC70470069C0B2704781B0AC
:108B4000002200921430091800910098006801B0CA
:108B5000704718B585B004000020002000900C205C
:108B6000019040200290002003904FF48060049018
:108B700069462000FFF7CCFFDFF868210C212000B8
:108B800000F01CF806B010BD18B585B00400002038
:108B900000910D20019040200290002003904FF49E
:108BA0008060049069462000FFF7B2FF41F28832EE
:108BB0000D21200000F002F806B010BD38B5040009
:108BC0000D0049480068C0084FF47A71B0FBF1F01D
:108BD00042431000421E00280AD0606B10F0450F7F
:108BE000F7D0606B400706D50420A063042077E02F
:108BF0005FF0004074E0606BC00703D50120A06304
:108C000001206DE02000FFF797FFEDB2A84201D0F0
:108C1000012065E040F2FF50A06300212000FFF733
:108C20008EFF3249084201D1002059E0002802D5C8
:108C30005FF0007054E0410001D5402050E0810019
:108C400001D580204CE0C10002D54FF4807047E090
:108C5000010102D54FF4007042E0410102D54FF40A
:108C600080603DE0C10102D54FF4006038E00102B0
:108C700002D54FF4805033E0410202D54FF400504A
:108C80002EE0810202D54FF4804029E0C10202D5D6
:108C90004FF4004024E0410302D55FF400301FE0B0
:108CA000810302D55FF480201AE0C10302D55FF48E
:108CB000002015E0010402D55FF4801010E04104AB
:108CC00002D55FF400100BE0810402D55FF4800050
:108CD00006E0000702D55FF4000001E05FF4803099
:108CE00032BD000000E1F5055405002008E0FFFD5D
:108CF0007047000080B500F01DF801BD80B500F0A0
:108D00001BF801BD80B500F01BF801BD80B5084817
:108D1000FFF764FD01BD80B50548006CF9F7C8FF99
:108D200001BD80B50248C06BF9F7C2FF01BD00006C
:108D30004C50002070470000012005490860704732
:108D400001200249086070470000000060560020C2
:108D50005C56002000B587B0B42006900120059035
:108D60000020049007200390072002904FF48060B9
:108D700001907A48009000230FF2E902784979487F
:108D800000F03EF9B42006900120059000200490E8
:108D90001E2003901E2002904FF4806001907248C4
:108DA00000900023714A7249724800F029F9B420FA
:108DB000069001200590002004901F2003901F20A2
:108DC00002904FF4806001906B48009000236B4A42
:108DD0006B496C4800F014F907B000BD00B587B0CE
:108DE000B4200690012005900020049004200390F8
:108DF000042002904FF480600190634800900023AB
:108E0000624A6349634800F0FBF8B42006900120F1
:108E100005900020049003200390032002904FF45B
:108E2000806001905C48009000235C4A5C495D488A
:108E300000F0E6F8B4200690012005900020049090
:108E400007200390072002904FF48060019056485D
:108E5000009000230FF28D025449554800F0D0F8DD
:108E600007B000BDE0B500F0EFF900F01DFAFBF728
:108E700047F900F021FAFBF7EDFBFBF7BFFAFFF72C
:108E800092FA00F0BDFA00F02FFBFCF767F9FCF74F
:108E90008BFAF9F74FFD00F091FB41F27C50019005
:108EA0004FF47A7000900123424A40214248FAF779
:108EB00020FBFFF75FF900F031FC4048FBF7C5FDF0
:108EC0003F48FBF7A6FE3F4A3F494048FAF7FAFD04
:108ED00000F020F8FFF782FF00F02DFA0120FBF7E9
:108EE00051F9F9E7E0B568463949D1E90023C0E90D
:108EF00000230822694640F22730FCF7DEF9022001
:108F000000F041FB012000F03EFB6420FBF73AF942
:108F1000F5E77047F8B5342300222E492E4800F0BB
:108F200041FC342300222D492D4800F03BFC2C202D
:108F3000039001200290012001904FF4FA700090FC
:108F40000023284A2849294800F092FC2822284971
:108F5000284800F001FD05B000BD000028420020B7
:108F600040BD0008604E0020283A0020C59100084E
:108F700050BD0008F84C002028360020359200082B
:108F800060BD0008444C0020282E002091380008C5
:108F900070BD0008284A00202832002059380008F7
:108FA00008BE0008DC4A0020283E002080BD0008E2
:108FB000AC4D00200008004000040240C84F0020D3
:108FC0002004002020BE000814BE00084CB8000891
:108FD000C0BE000890BD0008B85400202CBE000898
:108FE00084540020138F000838BE00084855002024
:108FF000A0BD0008C455002080B5FBF71DFB01BDD6
:109000002DE9F44F86B004000F009A46109DDDF85C
:109010004480DDF848900026002C01D10E2678E02F
:109020001698B42801D00E2673E0EFF3108172B6C3
:1090300044480268521C026081F310880021424AB1
:10904000D2F800B02A004244521E002316E0DBF89A
:109050000CC0654505D3DBF810C0654501D200257D
:109060000121DBF80CC0624505D3DBF810C0624576
:1090700001D200250121DBF888B05B1CDFF8CCC0F1
:10908000DCF800C0634504D25C4500D10121012910
:10909000DDD1EFF3108172B60268521E026081F3D7
:1090A0001088FEF709FC5C4501D10E2631E0002D49
:1090B00001D103262DE00698002801D1032628E0DF
:1090C000B8F1C80F01D2052623E0B9F1200F01D372
:1090D0000F261EE01398814501D2182619E0159835
:1090E000022801D3102614E0194800681949884263
:1090F00000D11326184A1068EFF3058108430028B1
:1091000007D01168EFF305800143B1F1F03F00D2C1
:109110001326002E11D15346390015980590149846
:10912000049013980390CDF80890CDF80480009532
:10913000069A200000F06AFC0600300007B0BDE887
:10914000F08F00BFD0560020BC560020C056002033
:10915000B4560020144F0020580500207CB5474D20
:109160002C00474E3000FAF780FC4648006800F0BB
:1091700069FD41EC100B4448FAF777FC3000FAF730
:1091800074FC4248FAF771FC4148FAF76EFC002C77
:1091900012D0A06A01902169D4F8A800091A0091A0
:1091A0002369A0681B1A6269E16A3A48FAF75DFC14
:1091B000D4F88840AC42EAD173BD80B5FFF7CEFF4A
:1091C00001BD000038B502E0C820FAF7DBFF3248E5
:1091D00000780028F8D0314C20686421B0FBF1F011
:1091E00020602068002802D126480021016072B664
:1091F0002B4D216864204143296062B672B629482C
:10920000296801600021296062B690ED000AB8EE7D
:10921000400AD4ED000AF8EE600A80EE200ADFED85
:10922000160A30EEC00A174880ED000A6420FAF7EB
:10923000A9FFE3E7EFF3108072B619490A68521CE0
:109240000A6080F31088F5E738B5134C00202070D1
:109250000220FAF797FF72B6114D0020286062B61F
:109260006420FAF78FFF72B628680C490860012065
:10927000207062B631BD00000000C842904B002053
:10928000C8B3000868560020A8B9000838B0000824
:109290000CB40008A4B50008465700207056002002
:1092A0006C560020745600200248016851F00201FB
:1092B0000160704710E000E0002124E04A480022ED
:1092C0000B00DBB21B01C25400220B00DBB21B01FE
:1092D00003445A6000220B00DBB21B0103449A6076
:1092E00000220B00DBB21B0103449A7000220B002A
:1092F000DBB21B0103445A7000220B00DBB21B01DE
:109300001844C260491C0800C0B20428D6DB012002
:10931000364908707047416800290BD04168491EE2
:109320004160002906D1012181704178012901D1D4
:1093300081684160704738B500242DE02A4D200037
:10934000C0B200012844FFF7E6FF2000C0B20001D0
:109350002844807801281ED12000C0B20001284492
:10936000C068002817D02000C0B200012844C0689F
:10937000804700202100C9B20901294488702000DB
:10938000C0B20001285C002805D100202100C9B22C
:1093900009012944C860641C2000C0B20428CDDB48
:1093A00013480168491C016001687FF00042914246
:1093B00001D10021016000F021F80E480178491C1C
:1093C000017001780A2903DB00210170FFF714FE08
:1093D00009480178491C01700178322903DB00211A
:1093E000017000F053FC31BD445400204757002069
:1093F0007856002048570020495700207047000049
:1094000080B500F001F801BD80B5DFF8C400DFF8D9
:10941000C41001604FF4804101614EF6602141604B
:1094200000214161002181600021C16100210162B0
:109430000A21C1600021816100F02AFC01BD10B544
:1094400086B0002000902448016851F002010160BC
:10945000016811F00201009100990021009101685A
:1094600051F002010160006810F0020000900098C5
:10947000002000901948016851F400110160006853
:1094800010F40010009000984FF4807001901220AA
:109490000290002003900220049004200590104CBC
:1094A00001A92000FAF718FD4FF400700190042084
:1094B000059001A92000FAF70FFD0A48016851F450
:1094C00000110160016831F40011016006B010BDA7
:1094D000E052002000540040303802404038024042
:1094E000000402402038024010B586B000200090F1
:1094F0002E48016851F020010160006810F0200042
:1095000000900098012000F02CF8022000F017F8DD
:109510000120029000200390022004904FF400707C
:109520000190234C01A92000FAF7D6FC4FF480608B
:10953000019001A92000FAF7CFFC06B010BD401E33
:109540000100C9B2002904D15FF000701949086018
:1095500006E0C0B2012803D15FF0806015490860C1
:109560007047401E0100C9B2002904D14FF40070B9
:109570001049086006E0C0B2012803D14FF48060B2
:109580000C49086070470100C9B2012905D10A4899
:10959000016891F40071016007E0C0B2022804D1B3
:1095A0000548016891F480610160704730380240DD
:1095B000001402401814024014140240E0B54FF4A5
:1095C0007A700190044800900123044A4021044825
:1095D000F9F78FFF07BD000000350C0000040040C4
:1095E0000000024080B5C0B200280CD1FEF7D3FEC7
:1095F000022201210820FEF7C7FD5FF08040DFF85E
:109600006011086006E04FF48040DFF854110860F4
:10961000FEF7C5FE01BD10B5DFF8544100F05DF85E
:1096200020602068DFF84C11401A32D0DFF8481172
:10963000401A0AD0DFF84411401A12D0DFF8401166
:10964000401A1AD0401E30D03BE0DFF83811201D00
:10965000FDF706F85FF4001060614FF4805020833E
:109660003AE0DFF82411201DFCF7FAFF5FF4001048
:1096700060614FF4805020832EE0DFF81011201D30
:10968000FCF7EEFF5FF4000060614FF48050208330
:1096900022E0DFF8FC10201DFCF7E2FF5FF0807095
:1096A00060614FF48050208316E0DFF8E810201D41
:1096B000FCF7D6FF5FF0807060614FF4805020832C
:1096C0000AE0DFF8D410201DFCF7CAFF5FF4001099
:1096D00060614FF48050208310BD70B50020FFF70B
:1096E00081FFDFF88000002101609F21DFF87820F2
:1096F000117004210160FEF734FEDFF87000457838
:109700008478C6780120FFF76DFFEDB2E4B2240241
:1097100054EA0544F6B23443200070BD80B586B0EB
:1097200000200090DFF87400016851F00201016030
:10973000006810F0020000900098012002900120C3
:109740000390032004904FF48040019001A9DFF8BA
:109750005000FAF7C1FBFFF75EFF07B000BD000045
:10976000180402405456002024060020241600202D
:10977000085600201821520029046D00D4FA020076
:1097800002202D00C0BD0008CCBD0008D8BD0008D7
:10979000E4BD0008F0BD0008E0BC0008303802401D
:1097A000000402402DE9F04105000F0016000024DE
:1097B000002D01D11C242DE0342B01D01C2429E0E4
:1097C000EFF3108072B624490A68521C0A6080F3D5
:1097D00010882248D0F80080002002E0D8F82080CD
:1097E000401C1F4A1268904201D24545F6D1EFF362
:1097F000108072B60A68521E0A6080F31088FEF765
:109800005BF8454501D11C2404E0012E02D0002E56
:1098100000D01F24002C14D112480068124988423D
:1098200000D11324114A1068EFF305810843002882
:1098300007D01168EFF305800143B1F1F03F00D28A
:109840001324002C05D132003900280000F008FB59
:1098500004002000BDE8F081D0560020945600207E
:1098600098560020B4560020144F002058050020C0
:109870002DE9FE4F0500884691469A460C9E0E9FA4
:109880000024002D01D1152432E00F982C2801D09E
:1098900015242DE0EFF3108172B629480268521C9E
:1098A000026081F310882749D1F800B0002102E05E
:1098B000DBF824B0491C244A1268914201D25D456C
:1098C000F6D1EFF3108172B60268521E026081F386
:1098D0001088FDF7F1FF5D4501D1152408E0002E49
:1098E00001D1162404E0012F02D0002F00D017244C
:1098F000002C14D1154800681549884200D1132462
:10990000144A1068EFF305810843002807D0116856
:10991000EFF305800143B1F1F03F00D21324002C96
:109920000AD153464A46414602970D980190009647
:10993000280000F02FFB04002000BDE8FE8F00BFD0
:10994000D0560020F8560020FC560020B4560020C7
:10995000144F002058050020F8B504000E00002523
:10996000002C01D106253BE0282A01D0062537E04E
:10997000EFF3108072B61F490A68521C0A6080F328
:1099800010881D480768002001E0BF69401C1B4A81
:109990001268904201D2BC42F7D1EFF3108072B648
:1099A0000A68521E0A6080F31088FDF785FFBC42EA
:1099B00001D1062514E0124800681249884200D1FE
:1099C0001325114A1068EFF305810843002807D0DA
:1099D0001168EFF305800143B1F1F03F00D2132588
:1099E000002D04D13100200000F076FB0500280096
:1099F000F2BD00BFD05600208C56002090560020AB
:109A0000B4560020144F0020580500202DE9F14FD6
:109A100084B0894692469B460E9E0F9C00252100ED
:109A2000EF2237003800F9F7E3FEA408A400241F52
:109A3000F01C80088000864200D0241F129E119FD7
:109A4000DDF84080CDF800B0CDF808A0CDF8049046
:109A5000DDF810908246B4210022CB465846F9F733
:109A6000C7FE0198C9F828000298C9F84400009878
:109A7000C9F84800C9F80CA0C9F81440C9F82C80EE
:109A8000C9F89480C9F81860C9F81C602020C9F88A
:109A90009C0050462044401EC9F81000C9F83C7094
:109AA000C9F898700320C9F830005648C9F8540026
:109AB000C9F858905449484600F0A0FBD9F808006E
:109AC000C9F8A800EFF3108672B65048C9F8000034
:109AD0004F4A1068002807D14E48C0F80090C9F8D6
:109AE0008890C9F88C900BE04A480068D0F88C1038
:109AF000C0F88C90C1F88890C9F88C10C9F888001B
:109B00001068401C106000945346019A4946012099
:109B100000F096FB404B1868002842D03F49096886
:109B2000C9053ED53E490968EFF3058211433D4A18
:109B30001268002906D1D16AD76B3F0457F000475D
:109B4000394309E0B1F1F03F03D211005FF0FF3279
:109B500002E05FF0F0320021026041606421816028
:109B600031490968C160C0F81090C0F81480C0F88D
:109B700018A0C46120302D49096888420DD32C48B3
:109B8000006818602B490A6810622B4A1068002888
:109B900007D008681168884703E0186025490968FC
:109BA0000862139825490A68521C0A60012819D1D5
:109BB0001B480168EFF305800143B1F1F03F07D383
:109BC0001F480468002C04D0E56BE06AE06300E005
:109BD000002486F310884846FDF7CFFE002C0DD0F8
:109BE000E5630BE086F31088EFF3108072B60A6825
:109BF000521E0A6080F31088FDF75EFE002005B05B
:109C0000BDE8F08F49B4000819AE0008445248542A
:109C1000C0560020BC560020285700202C5700209A
:109C200058050020B4560020041000E024570020FE
:109C3000205700201457002030570020D056002015
:109C4000B8560020C0F3C75181B1FF2906D0C1101A
:109C5000400721F0E04101F16051704741020CBF23
:109C600040F4E0016FF000410020704700F0004137
:109C700000020AD0B0FA80FC00FA0CF001F1605149
:109C8000A1EB0C5101EBD02140057047704700005B
:109C900038B50400002C01D10120D4E094F83D0037
:109CA000002805D1002084F83C002000FFF7C7FB06
:109CB000242084F83D0020680068400840002168A6
:109CC0000860FDF74AFC0100DFF87C2160689042E3
:109CD00008D2DFF87801814201D2012000E00020A3
:109CE000C0B207E0DFF86801814201D2012000E044
:109CF0000020C0B2012801D10120A4E0DFF8540106
:109D0000B1FBF0F3206840688009800118432568A2
:109D100068602068056A6068904201D25B1C07E0B9
:109D20004FF4967043434FF47A70B3FBF0F35B1C2F
:109D3000AD09AD012B43206803622068C3696068E8
:109D4000904214D2481E62685200B0FBF2F0401CF0
:109D50000005000D042801D204213EE0491E606880
:109D60004000B1FBF0F1491C0905090D35E0A06880
:109D7000002809D14A1E656803204543B2FBF5F06F
:109D8000401C0005000D0AE04A1E65681920454385
:109D9000B2FBF5F0401C0005000D50F480400005BA
:109DA00001D1012119E0A068002809D1491E62688B
:109DB00003204243B1FBF2F1491C0905090D0AE0F9
:109DC000491E626819204243B1FBF2F1491C0905A2
:109DD000090D51F4804151F40041DFF87C0003404B
:109DE0000B432068C3612068016831F0C001E0695D
:109DF0000143206A01432068016020688168DFF820
:109E00005C00014020690143E068014320688160F3
:109E10002068C168090A0902A26960690243114306
:109E20002068C1602068006850F001002168086067
:109E300000202064202084F83D00002020630020C2
:109E400084F83E00002032BDA186010080841E00FF
:109E500000093D0040420F000030FFFF007CFFFF83
:109E6000FEB504000F00150034210022260030004A
:109E7000F9F7BEFC67602561EFF3108672B63748CC
:109E8000206037483749086037490868002804D1FE
:109E900036480460246264620AE034480068019035
:109EA0000198406A019A54620462606201982062DB
:109EB0000868401C0860002000902B003A00210038
:109EC000052000F0BDF92A4B1868002841D0294927
:109ED000097889063DD528490968EFF305821143C1
:109EE000264A1268002906D1D16AD76B3F0457F081
:109EF0000047394309E0B1F1F03F03D211005FF0B0
:109F0000FF3202E05FF0F032002102604160322156
:109F100081601B490968C1600461456101A98161D3
:109F20000021C16120301749096888420DD31648C5
:109F30000068186015490A681062154A1068002800
:109F400007D008681168884703E018600F4909685E
:109F5000086286F310880020FEBD00BF4554554DB1
:109F6000EFAA0008D45600209856002094560020EE
:109F7000285700202C57002058050020B4560020F8
:109F8000041000E024570020205700201457002020
:109F9000305700202DE9FC470400884617009946F9
:109FA0000A9D0B9E2C210022A2465046F9F720FC68
:109FB000C4F80480A560E6602761C4F81490EFF34C
:109FC000108772B638482060384A1068002804D1DB
:109FD000374804606462A46206E035480068816A1C
:109FE00084624C62A16260621068401C106000963E
:109FF0002B0042462100022000F022F92D4B186868
:10A00000DDF83080002843D02B49096849053FD549
:10A010002A490968EFF305821143294A1268002989
:10A0200009D1D16AD2F83CC05FEA0C4C5CF0004C1C
:10A030005CEA010109E0B1F1F03F03D211005FF0E9
:10A04000FF3202E05FF0F0320021026041607C21CB
:10A0500081601C490968C160046145618661C0F87E
:10A060001C8020301849096888420DD317480068C1
:10A07000186017490A681062164A1068002807D04D
:10A0800008681168884703E0186011490968086288
:10A09000B8F1010F03D114F10800FDF78DF987F332
:10A0A00010880020BDE8F6874D495441FC56002039
:10A0B000F8560020285700202C5700205805002073
:10A0C000B4560020041000E0245700202057002040
:10A0D00014570020305700207CB504000E002821C2
:10A0E000002225002800F9F783FB6660EFF3108556
:10A0F00072B63648206036490868002804D13548D1
:10A100000460A461E4610AE03248006801900198AB
:10A11000C069019AD4618461E0610198A061086816
:10A12000401C08600020009000233200210006201F
:10A1300000F086F8284B1868002842D02749097893
:10A1400009073ED526490968EFF305821143254AE0
:10A150001268002906D1D16AD66B360456F0004643
:10A16000314309E0B1F1F03F03D211005FF0FF325B
:10A1700002E05FF0F0320021026041601E21816048
:10A1800019490968C160046101A941610021816127
:10A190000021C16120301549096888420DD3144857
:10A1A0000068186013490A681062134A1068002892
:10A1B00007D008681168884703E018600D490968EE
:10A1C000086285F31088002076BD00BF4E445644D7
:10A1D000905600208C560020285700202C57002035
:10A1E00058050020B4560020041000E02457002039
:10A1F000205700201457002030570020026922F019
:10A200000702A2F144020D4B13604FF000035360AC
:10A210009360D360136153619361D361136253629E
:10A220009362D362136353634FF0FF339363D1633D
:10A230004FF080731364826070470000FDFFFFFFE2
:10A240002DE9F04F0400414D286800287BD040489C
:10A250000668404F3868002875D0B4465FF0000E9D
:10A26000DFF8F480D8F8009028685FF0300A0AFB25
:10A2700009FB8344DBF80400002802D1CC465FF0E0
:10A28000010EDBF80400884202D1CC465FF0010EDB
:10A29000BEF1010F11D09BF80000012802D1B44596
:10A2A00019D1CC4619F10109B14501D35FF000097C
:10A2B000D8F800008145D7D1FFE7B44543D23868CC
:10A2C000401E38601CF10100B0420DD21CF10100AB
:10A2D000C8F800000BE028680AFB0CFB58444078E3
:10A2E0000028DFD0CC46DDE70020C8F80000099840
:10A2F0002D680AFB0CFC654400262E706C706960AA
:10A30000AB60E860002300E05B1C1F2B08D210004C
:10A310001844067805EB03073E7400780028F3D153
:10A32000002005EB03021074E4B2012C07D1C86AC7
:10A33000000A50F08000A870C86AE87003E00020AE
:10A34000A8700020E870BDE8F08F00BF185700200B
:10A3500034570020385700203C570020F8B5824D74
:10A3600028680090EFF3108172B6009800283CD066
:10A37000009800687D4A904237D100988068009A22
:10A38000D2F8A820904204D200988068009AC2F8BF
:10A39000A8000098C0680068B0F1EF3F0DD10098A8
:10A3A0000069D0F80100B0F1EF3F06D10098D0F875
:10A3B000A800009AD268904207D281F310880098D2
:10A3C000FCF7AAFFEFF3108172B60098D0F8A8004E
:10A3D00050F8040CB0F1EF3F07D081F310880098DB
:10A3E000FCF7AAFFEFF3108172B681F31088002406
:10A3F000EFF3108672B600205D49086000980028CF
:10A4000024D00098006B002820D10098C0690099E2
:10A41000886100988069574908600098006A00992F
:10A42000884213D00098C06A0099C96B88420DD148
:10A4300051480099096A009AD26A40F822104F499F
:10A440004F4A126850F8220008600C684D490B68AA
:10A45000EFF3058003434C48D0F800C04B4F3868F9
:10A46000002841D04A4A1278D2073DD50968EFF357
:10A47000058211432A68002906D1D16AD56B2D04C3
:10A4800055F00045294309E0B1F1F03F03D2110036
:10A490005FF0FF3202E05FF0F032002102604160C5
:10A4A000052181603B490968C1603449096801613F
:10A4B0004361C0F818C06946C16120303649096857
:10A4C00088420DD335480068386035490A68106203
:10A4D000344A1068002807D008681168884703E0EC
:10A4E00038602F490968086286F31088002C39D03B
:10A4F000EFF3108072B6002C32D021681B4A9142D3
:10A500002ED1A168D4F8A820914202D2A168C4F843
:10A51000A810E1680968B1F1EF3F0AD12169D1F8CB
:10A520000110B1F1EF3F04D1D4F8A810E2689142D4
:10A5300007D280F310882000FCF7EEFEEFF31080C6
:10A5400072B6D4F8A81051F8041CB1F1EF3F07D04F
:10A5500080F310882000FCF7EFFEEFF3108072B656
:10A5600080F31088F1BD00BFB45600204452485417
:10A57000E456002010570020D0500020B85600208C
:10A58000CC56002058050020D05600202857002027
:10A590002C570020041000E02457002020570020F2
:10A5A00014570020305700202DE9FC410024424977
:10A5B00088420ED0BDE8F3814048032202630122A5
:10A5C00082633F4A13685B1C136081F31088FBF7BA
:10A5D00056FAEFF3108172B63A4A1068006800909C
:10A5E0000098002802D06846009B986100201368FC
:10A5F00018601068001D10601068334B1B6898428B
:10A6000002D1324800681060314D0020286081F38B
:10A610001088EFF3108172B628E00020B0610AE0E4
:10A62000B268F4687068306030680028F5D001A81E
:10A63000B06136610196274F3E6081F310881000AB
:10A64000002801D020009047EFF3108872B6002058
:10A6500038600198B04204D10020B0613000FCF7AE
:10A66000ABFE88F31088EFF3108172B600980028D3
:10A670001BD0009E0098006900220192864202D100
:10A680000020009005E07269426110616A468261B3
:10A69000009030682128C3D3306820383060002211
:10A6A00001A8B06136610196C5E72868002883D00B
:10A6B00081F310888DE700BF4D495441144F0020AD
:10A6C000D0560020F0560020EC560020E85600201E
:10A6D000F45600200057002045F2E061C2F200016C
:10A6E000086800F10100086045F21073C2F200032F
:10A6F0001A6852B1A2F101021A6032B945F2E4635C
:10A70000C2F200034FF00100186045F2F061C2F29E
:10A710000001086802683AB145F2F463C2F200032E
:10A720004FF001021A600EE000F1040045F2EC6304
:10A73000C2F200031A68904204D145F2E863C2F203
:10A7400000031868086045F2E463C2F200031A6867
:10A750002AB945F2F461C2F20001086868B301B594
:10A7600045F2F461C2F20001086808B100F028F86F
:10A7700045F2E463C2F200031A68E2B1FFF7EEFDAE
:10A7800045F2D060C2F200000168A1B945F2B460A0
:10A79000C2F20000016845F2B862C2F2000213681A
:10A7A0004EF60450CEF2000040F20002C1F2000268
:10A7B000994200D00260BDE80140BFF34F8F70475F
:10A7C00080B5EFF3108072B604490A68521C0A6023
:10A7D00080F310880248FDF7D0F801BDD056002064
:10A7E000144F002010B4010029480268002A07D540
:10A7F000026852F0004202608869801C886145E06E
:10A80000244A254B1B681362244B1B7882F82430A2
:10A81000234B1B78DBB29362224B1B68D362224B23
:10A820001B881386006850632048006890632048A6
:10A830000068D0631F4B0020186018680028FCD007
:10A84000086810604868506088689060C868D06088
:10A85000086910614869506188699061C869D06170
:10A860001548002109E00A00D2B2825C134C226034
:10A87000134A12685206FBD5491C0A00D2B2292A93
:10A88000F1D30020186018680028FCD010BC704775
:10A890002CED00E00454002024ED00E028ED00E061
:10A8A00029ED00E038ED00E02AED00E030ED00E0B9
:10A8B0003CED00E06456002060B700080410014041
:10A8C0000010014070B586B00020234908600020C8
:10A8D00022490860002022490860002021490860C0
:10A8E00000202149086080210022204C25002800FA
:10A8F000F8F77EFF1E4804601E4804601E4814F1ED
:10A900007C0101600168091D01601C4C1C4820602D
:10A910001C4D4FF4806028601B4E002030600020EA
:10A9200005900020049030680390306802902868F9
:10A93000019020680090154B154A16491648FFF7FC
:10A9400065F80028EBD10020144908600020144964
:10A95000086006B070BD00BFE05600201057002010
:10A96000E4560020F45600200057002050510020EB
:10A97000E8560020F0560020EC5600200457002036
:10A9800028460020085700200C5700204D4954410C
:10A99000A9A50008C4BB0008144F0020F8560020E9
:10A9A000FC5600204FF00000314A1060EFF3148095
:10A9B00020F0040080F3148862B64FF080504FF00E
:10A9C000E021C1F8040DBFF34F8FBFF36F8FFEE797
:10A9D00045F2B460C2F2000045F2B862C2F2000271
:10A9E0004FF000030168A9B10360EFF3098C2CE973
:10A9F000F00F1EF0100F01D12CED108A45F21074EB
:10AA0000C2F200044CF804ED2568C1F808C00DB18D
:10AA10008D61236072B61168C9B1016062B64F687A
:10AA200045F21074C2F200048D6907F101074F600E
:10AA30002560D1F808C05CF804EB1EF0100F01D1BE
:10AA4000BCEC108ABCE8F00F8CF30988704772B632
:10AA50001168016009B962B6F9E74FF000674FF07D
:10AA6000E028C8F8047D62B6D9E770477047000057
:10AA7000D056002010B5EFF3108372B6826E2C4CC6
:10AA8000A24231D1D0F8B02091422DD1C26E002A1D
:10AA90002AD01168274CA14226D1D169002923D0A0
:10AAA00000218166D169491ED161D169002902D195
:10AAB0000021916107E0016F446F4C672167946941
:10AAC000844200D19161016B0D290DD11D21C0F887
:10AAD000841019490A68521C0A6083F31088FCF735
:10AAE0004CFFEFF3108372B683F3108810BD38B5B6
:10AAF0000400EFF3108172B60F4D2868401C2860E7
:10AB0000D4F8A40000280AD00122826081F31088C2
:10AB1000FCF798FAEFF3108172B6D4F8A40000287D
:10AB2000EED12868401E286081F3108831BD0000F6
:10AB300075AA00084554554DD056002038B592B03E
:10AB4000002400240094264C256855F0805525608B
:10AB5000246814F080540094009C00240094214C3C
:10AB6000256855F480452560246814F480440094D9
:10AB7000009C012406945FF48034079402240C9412
:10AB80005FF480040D940E910F901092119306A81B
:10AB9000FDF76EFCC0B2002800D0FEE70F20019048
:10ABA00002200290002003904FF4A05004904FF434
:10ABB00080500590052101A8FCF730FCC0B20028A8
:10ABC00000D0FEE700F026F841F20101884204D1EE
:10ABD0000548016851F48071016013B030BD00BFB9
:10ABE0004038024000700040003C024080B50B48F5
:10ABF000016851F400710160016851F480610160E5
:10AC00000320F9F745F90F20F9F788FA00F00AF860
:10AC1000002002BD02480068000C7047003C024062
:10AC2000002004E07047000010B5002018490860BB
:10AC300000201849086004210022174C2000F8F772
:10AC4000D7FD04210022154C2000F8F7D1FD20206B
:10AC50001349086080210022124C2000F8F7C8FD3B
:10AC600000201149086000201049086000201049A8
:10AC7000086000200F49086000200F4908600F4855
:10AC8000016841F0887151F48071016010BD00BF0E
:10AC9000B4560020B8560020C4560020C8560020E4
:10ACA000CC560020D0500020BC560020C0560020BA
:10ACB000D0560020D4560020DC560020D856002064
:10ACC00038B5EFF3108472B6826E1E4B9A4235D1BE
:10ACD000D0F8B020914231D1C36E002B2ED019682C
:10ACE000194A91422AD15969002927D00021816649
:10ACF0005A69196900290ED0521E5A61002A02D1E0
:10AD00000021196109E0026F456F55672A6781428A
:10AD100003D11A6101E00121D960016B07290DD12E
:10AD20000721C0F8841009490A68521C0A6084F39C
:10AD30001088FCF722FEEFF3108472B684F31088BB
:10AD400031BD00BFC1AC00084E445644D05600206F
:10AD500080B500F041F8FFF767FFFFF7B3FD002073
:10AD6000114908600020114908600020104908605E
:10AD700000201049086000200F49086000200F499A
:10AD8000086000200E49086000200E49086000207D
:10AD90000D49086000200D49086000200C4908603A
:10ADA00000200C49086001BD7C5600208056002020
:10ADB00084560020885600208C5600209056002093
:10ADC0009C560020A0560020A4560020A856002023
:10ADD0009456002098560020002009490860002061
:10ADE00008490860002008490860002007490860F9
:10ADF000002007490860002006490860704700BF2E
:10AE000014570020185700201C57002020570020FE
:10AE1000245700202857002010B51D480468EFF380
:10AE2000108072B6D4F8AC2080F31088100000288F
:10AE300002D0002120009047A06C616C8847154922
:10AE40000868002802D0200009688847EFF31080C6
:10AE500072B6D4F8AC20012121630121A163002145
:10AE6000E1640D490B685B1C0B6080F31088EFF305
:10AE7000148030F0040080F314881000002802D001
:10AE80000121200090472000FAF7F9FD10BD00BF16
:10AE9000B4560020D4560020D0560020F0B402460C
:10AEA000106895681318506803EB5004C0071CD550
:10AEB0004D441AE013F8017B05F8017B491EF9D1D6
:10AEC00098B113F8011BC6F38106032E08BF13F8CF
:10AED000016B01EB06214942801C294405D011F881
:10AEE000016B05F8016B401EF9D1A3420ED013F897
:10AEF000016B16F0030104BF13F8011BC91C3009D4
:10AF00000F28DBD113F8010B0F30D7E7F0BC02F1AB
:10AF10000C00704772B61448144A10601448016857
:10AF200041F0010101604FF0E0201249C0F8081D16
:10AF300011481049096801604FF0E0200F49416154
:10AF40004FF0070101610021C0F8181D0C49C0F83D
:10AF50001C1D0C49C0F8201D704701B5FFF7BCFB54
:10AF6000BDE801407047000034560020AC56002078
:10AF7000001000E000000008B05600203F900200E2
:10AF8000000000FF0000FF400F48016851F470010D
:10AF900001600E49086850F00100086000200C4A6A
:10AFA00010600A680B4802400A600B480B4A1060A8
:10AFB000086830F4802008600020094908605FF0CC
:10AFC000006008490860704788ED00E000380240E2
:10AFD00008380240FFFFF6FE10300024043802401B
:10AFE0000C38024008ED00E0E1630008E16300086E
:10AFF00079640008CF6400083F65000827650008F1
:10B00000E1630008E1630008E1630008E163000810
:10B01000E1630008E1630008E1630008E163000800
:10B02000E1630008E1630008E1630008E1630008F0
:10B03000E1630008E965000820E4BBBBE58AA1E400
:10B04000BC98E58588E7BAA720E4BBBBE58AA1E602
:10B05000A088E5A4A7E5B08F20E5BD93E5898DE440
:10B06000BDBFE794A8E6A0882020E69C80E5A4A7C1
:10B07000E6A088E4BDBFE794A8202020E4BBBBE5A0
:10B080008AA1E5908D0D0A004B3A5C4C735F4D6FC1
:10B090006E69746F725F4C6F7765725C4C735F4D55
:10B0A0006F6E69746F725F4C6F7765725F53575C38
:10B0B00053797374656D5C75736172745F666966EC
:10B0C0006F5C6273705F75736172745F6669666FDF
:10B0D0002E6300004B3A5C4C735F4D6F6E69746F6A
:10B0E000725F4C6F7765725C4C735F4D6F6E697405
:10B0F0006F725F4C6F7765725F53575C53797374EF
:10B10000656D5C726F746174696F6E5C6273705FA1
:10B11000726F746174696F6E2E63000010B50E4C0F
:10B12000206810F10F3F0AD05FF0F0302060FFF789
:10B13000F1FEFFF70DFE09480168491C01605FF050
:10B14000F030206006480068FDF704FE0020206013
:10B15000FFF728FC10BD00BF58050020D056002086
:10B16000AC5600204B3A5C4C735F4D6F6E69746F48
:10B17000725F4C6F7765725C4C735F4D6F6E697474
:10B180006F725F4C6F7765725F53575C537973745E
:10B19000656D5C63616E5C6273705F63616E5F625C
:10B1A00075732E63000000004B3A5C4C735F4D6F6B
:10B1B0006E69746F725F4C6F7765725C4C735F4D34
:10B1C0006F6E69746F725F4C6F7765725F53575C17
:10B1D00053797374656D5C7370695C6273705F73CF
:10B1E00070695F6275732E63000000004B3A5C4C1F
:10B1F000735F4D6F6E69746F725F4C6F7765725CD1
:10B200004C735F4D6F6E69746F725F4C6F776572D0
:10B210005F53575C53797374656D5C74696D6572C7
:10B220005C6273705F74696D5F70776D2E63000090
:10B23000205F2020205F205F5F5F5F202020205F55
:10B240005F20205F5F205F20202020202020202002
:10B250002020202020202020205F5F5F5F20205FB3
:10B26000202020202020202020205F205F200D0A89
:10B27000000000007C205C207C207C20205F205C83
:10B2800020207C20205C2F2020285F29205F5F5F0A
:10B29000205F205F5F205F5F5F2020202F205F5FA7
:10B2A0005F7C7C207C5F5F2020205F5F5F7C207C58
:10B2B000207C0D0A000000007C20205C7C207C208B
:10B2C0007C5F29207C207C207C5C2F7C207C207C67
:10B2D0002F205F5F7C20275F5F2F205F205C202076
:10B2E0005C5F5F5F205C7C20275F205C202F205FFD
:10B2F000205C207C207C0D0A000000007C207C5C0F
:10B3000020207C20205F203C20207C207C20207C72
:10B31000207C207C20285F5F7C207C207C20285F94
:10B3200029207C20205F5F5F29207C207C207C20DE
:10B330007C20205F5F2F207C207C0D0A0000000015
:10B340007C5F7C205C5F7C5F7C205C5F5C207C5F42
:10B350007C20207C5F7C5F7C5C5F5F5F7C5F7C200F
:10B36000205C5F5F5F2F20207C5F5F5F5F2F7C5FD3
:10B370007C207C5F7C5C5F5F5F7C5F7C5F7C0D0A18
:10B38000000000002020202020202020202020203D
:10B3900020202020202020202020202020202020AD
:10B3A000202020202020202020202020202020209D
:10B3B000202020202020202020202020202020208D
:10B3C00020200D0A000000003D3D3D3D3D3D3D3D3E
:10B3D0003D3D3D3D3D3D3D3D3D3D3D3D3D3D3D3D9D
:10B3E0003D3D3D3D3D3D3D3D3D3D3D3D3D3D3D3D8D
:10B3F0003D3D3D3D3D3D3D3D3D3D3D3D3D3D3D3D7D
:10B400003D3D3D3D3D3D3D0D0A00000020202050CA
:10B4100072696F2020202020537461636B53697A16
:10B4200065202020437572537461636B20202020B7
:10B430004D6178537461636B2020205461736B6E8F
:10B44000616D650D0A00000080B5EFF3108272B6E1
:10B45000016B042908D109490B685B1C0B6082F35E
:10B460001088FCF78AFA08E0836ED0F8B01082F3F7
:10B4700010881A00002A00D0984701BDD05600203D
:10B48000646973706C617920616C6C20746872659A
:10B49000616478207461736B20696E666F2C7265CD
:10B4A00073756C7420746F206265206669786564BA
:10B4B0000000000057726F6E6720706172616D65E9
:10B4C000746572732076616C75653A2066696C6587
:10B4D000202573206F6E206C696E652025640D0A2F
:10B4E0000000000057726F6E6720706172616D65B9
:10B4F000746572732076616C75653A2066696C6557
:10B50000202573206F6E206C696E652025640D0AFE
:10B510000000000057726F6E6720706172616D6588
:10B52000746572732076616C75653A2066696C6526
:10B53000202573206F6E206C696E652025640D0ACE
:10B540000000000057726F6E6720706172616D6558
:10B55000746572732076616C75653A2066696C65F6
:10B56000202573206F6E206C696E652025640D0A9E
:10B570000000000057726F6E6720706172616D6528
:10B58000746572732076616C75653A2066696C65C6
:10B59000202573206F6E206C696E652025640D0A6E
:10B5A00000000000202020253264202020202020C0
:10B5B00020202535642020202020202535642020CF
:10B5C00020202020202535642020202020202573C5
:10B5D0000D0A000048414C5F43414E5F436F6E6669
:10B5E000696746696C746572302043414E31207240
:10B5F0006574206E6F74206F6B20256420210A0013
:10B6000048414C5F43414E5F436F6E6669674669D0
:10B610006C746572312043414E3120726574206E26
:10B620006F74206F6B20256420210A0048414C5F15
:10B6300043414E5F436F6E66696746696C7465721D
:10B64000322043414E3120726574206E6F74206F3A
:10B650006B20256420210A0048414C5F43414E5F26
:10B66000436F6E66696746696C746572302043414A
:10B670004E3220726574206E6F74206F6B202564CB
:10B6800020210A0048414C5F43414E5F436F6E6684
:10B69000696746696C746572312043414E3220728D
:10B6A0006574206E6F74206F6B20256420210A0062
:10B6B00048414C5F43414E5F436F6E666967466920
:10B6C0006C746572322043414E3220726574206E74
:10B6D0006F74206F6B20256420210A0057726F6EF3
:10B6E0006720706172616D65746572732076616C3C
:10B6F00075653A66696C65202573206F6E206C69EC
:10B700006E652025640D0A007368656C6C206465A5
:10B710006D6F20636D6420666F72206C732C706196
:10B72000726173205B636D645D5B2D765D5B2D687C
:10B730005D0000007368656C6C2064656D6F20634C
:10B740006D6420666F7220746573742C74726176F8
:10B750006572736520616C6C2070617261730000AA
:10B760000D0A456E74657220486172644661756C9D
:10B77000745F48616E646C65722C205379737465D4
:10B780006D2048616C742E0D0A000000010000005D
:10B790000A00000064000000E80300001027000019
:10B7A000A086010040420F008096980000E1F50558
:10B7B00000CA9A3B546F20646973706C6179206190
:10B7C0006C6C20636D64206C69737420616E6420FE
:10B7D0006465736372697074696F6E0010B50749B0
:10B7E00079441831064C7C44163404E00A68081D7C
:10B7F000114488470146A142F8D110BD98000000CD
:10B80000B400000048414C5F43414E5F496E69748B
:10B810002043414E3120726574206E6F74206F6B2F
:10B8200020256420210A000048414C5F43414E5FBF
:10B83000496E69742043414E3220726574206E6FE8
:10B8400074206F6B20256420210A00005265627508
:10B85000696C642074696D652069732025732061AB
:10B860006E64206461746520697320257320210053
:10B870004EF68851CEF20001086840F4700008606E
:10B88000BFF34F8FBFF36F8F4FF00070E1EE100AE0
:10B8900070470000B758FFFF285100002406002021
:10B8A00000000000F9F5FFFF48070000FE0000005F
:10B8B000000000200920636D6420093A2073686F3E
:10B8C0007720616C6C20636F6D6D616E64730D0A1F
:10B8D0000000000080B5FFF789F907230222082144
:10B8E0004FF4A870FFF72AF900F004F8FFF716FCF0
:10B8F000FEE700000248016831F002010160704774
:10B9000010E000E000F00DF8002801D0FFF766FF1E
:10B91000AFF300800020AFF30080FFF7DBFF00F003
:10B9200002F80120704700F001B8000007463846D1
:10B93000F6F7A6FAFBE70000E68C81E7BBADE68EE2
:10B94000A5E694B6E695B0E68DAE6669666F300DF5
:10B950000A0000006C73206E656564206D6F72656F
:10B9600020617267756D656E7473210D0A000000A9
:10B970007468652025732076616C75652069732075
:10B980003078257820210D0A000000007468697362
:10B9900020636F6D6D616E6420697320746F6F201A
:10B9A0006C6F6E672E0D0A004F5320435055205583
:10B9B00073616765203D2025352E326625250D0AE9
:10B9C000000000000548014603B4684680F309887A
:10B9D000AFF30080FFF74CFFFFF794FFA5EDF5FEF6
:10B9E0006D4941424344584B4D504A404C6C686E3F
:10B9F0004873757E000000006669666F30E695B09A
:10BA0000E68DAEE68EA5E694B6E6BBA10D0A000073
:10BA1000666F72207072616374696365206D696E10
:10BA200069205052494E54006B6D756C7469E68CF8
:10BA300089E994AEE68C89E4B88B0D0A0000000019
:10BA40006B6D756C7469E68C89E994AEE5BCB9E8F8
:10BA5000B5B70D0A000000006B6D756C7469E68C5B
:10BA600089E994AEE995BFE68C890D0A00000000D3
:10BA70007573656167653A206C73205B6F707469DC
:10BA80006F6E735D0D0A000009202D7620093A20A3
:10BA900073686F772076657273696F6E0D0A0000A8
:10BAA0007465737420666F72206D696E69205052E0
:10BAB000494E5420210D0A007468652025732076B4
:10BAC000616C756520697320256420210D0A0000D2
:10BAD0006E6F20636F6D6D616E64206E616D656465
:10BAE0003A2025730D0A000063616E3120746F20C7
:10BAF00073656E64206F6E636521000063616E3252
:10BB000020746F2073656E64206F6E636521000082
:10BB10006B30E68C89E994AEE5BCB9E8B5B70D0A9F
:10BB2000000000006B30E68C89E994AEE68C89E475
:10BB3000B88B0D0A000000006B7570E68C89E994E3
:10BB4000AEE5BCB9E8B5B70D0A0000006B7570E64C
:10BB50008C89E994AEE68C89E4B88B0D0A0000006C
:10BB60006B30E68C89E994AEE995BFE68C890D0AC5
:10BB7000000000006B7570E68C89E994AEE995BF12
:10BB8000E68C890D0A0000006C732076657273697B
:10BB90006F6E20312E302E0D0A00000009202D6816
:10BBA00020093A2073686F772068656C700D0A0071
:10BBB000446F206E6F74206E656564207061726DD5
:10BBC000210D0A0053797374656D2054696D657297
:10BBD00020546872656164003000000000000000BD
:10BBE0000000000000000000000000006C73000076
:10BBF00000000000000000005D39000808B70008E0
:10BC0000746573740000000000000000053A00082D
:10BC100034B7000863616E315F73656E64000000C5
:10BC2000333A0008E8BA000863616E325F73656EEC
:10BC3000640000004F3A0008FCBA00086D5F7072A3
:10BC4000696E7466000000000D3D000810BA00081F
:10BC50006C6973746361736500000000BB50000879
:10BC6000B4B700087461736B696E666F0000000002
:10BC7000BB91000880B400086E00000000000000C6
:10BC80000000000000000000000000001EF0040F93
:10BC90000CBFEFF30880EFF30980FEF7A3BD0000AF
:10BCA0003B64000821640008016400085B6500082B
:10BCB00043414E3120525830204952510A00000071
:10BCC00043414E3220525830204952510A00000060
:10BCD00000100240100001000000024001000100BD
:10BCE000556E6B6E6F7720466C61736800000000C4
:10BCF00000000000040008000C000000000000002C
:10BD00007465737420636F6D6D616E643A0D0A0023
:10BD100070617261732025643A2025730D0A00005A
:10BD200030313233343536373839616263646566B1
:10BD300000000000000000000102030406070809DB
:10BD4000417070205461736B2053746172740000F1
:10BD5000417070205461736B2053544154000000B3
:10BD6000417070205461736B2049444C45000000C1
:10BD7000417070205461736B2055736572494600A1
:10BD8000417070205461736B20434F4D00000000E0
:10BD90004170705072696E746653656D700000007A
:10BDA0004576656E7447726F75704E616D65000003
:10BDB000014880470148004789AF0008C5B900081D
:10BDC0005353543235564630313642004D58323591
:10BDD0004C313630364500005732355136344256F4
:10BDE000000000004E323551313238465600000016
:10BDF0005732355131323846560000006F70746941
:10BE00006F6E733A200D0A00417070204D737020E0
:10BE100050726F0032333A30333A3236000000004D
:10BE20004D61722020392032303235004170704C23
:10BE3000434453656D7000004170702054696D6516
:10BE4000720000007047FEE7FEE7FEE770477047AC
:10BE5000080A0D09000000001B5B314000000000D3
:10BE60001B5B3150000000001B5B324B0D000000DB
:10BE70001B5B3144000000001B5B314300000000ED
:10BE80005555555555555555777777777777777752
:10BE90006D696E6900000000666C6F6174000000DF
:10BEA0006C7320636D6400000D09092573000000A8
:10BEB0000006101600061016000000000102030420
:10BEC0000001020304050607686A6C747A4C0000DE
:10BED000FFF7FEBFFFF7FEBFFFF7FEBFFFF7FEBF96
:10BEE000FFF7FEBFFFF7FEBFFFF7FEBFFFF7FEBF86
:10BEF000FFF7FEBFFFF7FEBFFFF7FEBFFFF7FEBF76
:10BF0000FFF7FEBFFFF7FEBFFFF7FEBFFFF7FEBF65
:10BF1000FFF7FEBFFFF7FEBFFFF7FEBFFFF7FEBF55
:10BF2000FFF7FEBFFFF7FEBFFFF7FEBFFFF7FEBF45
:10BF3000FFF7FEBFFFF7FEBFFFF7FEBFFFF7FEBF35
:10BF4000FFF7FEBFFFF7FEBFFFF7FEBFFFF7FEBF25
:10BF5000FFF7FEBFFFF7FEBFFFF7FEBFFFF7FEBF15
:10BF6000FFF7FEBFFFF7FEBFFFF7FEBFFFF7FEBF05
:10BF7000FFF7FEBFFFF7FEBFFFF7FEBFFFF7FEBFF5
:10BF8000FFF7FEBFFFF7FEBFFFF7FEBFFFF7FEBFE5
:10BF9000FFF7FEBFFFF7FEBFFFF7FEBFFFF7FEBFD5
:10BFA000FFF7FEBFFFF7FEBFFFF7FEBFFFF7FEBFC5
:10BFB000FFF7FEBFFFF7FEBFFFF7FEBFFFF7FEBFB5
:10BFC000FFF7FEBFFFF7FEBFFFF7FEBFFFF7FEBFA5
:10BFD000FFF7FEBFFFF7FEBFFFF7FEBFFFF7FEBF95
:10BFE000FFF7FEBFFFF7FEBFFFF7FEBFFFF7FEBF85
:10BFF000F2FF0001F1BE01F2FF1E02F1FF02F10E9D
:10C0000002FC0D006E72407869616E5F7573657237
:10C01000232F3E2F04F003FFECBB000800011002A9
:10C0200024F400F0011007020401013453002084BD
:10C0300004523404252C6108F4060FA00500208C5E
:10C0400005002040F00207CA1300080452FF01E374
:10C050002A1214100100002A0C12015D52A4644738
:10C06000B31AAC87AD1AB4F709B11AC0520119005E
:02C070000000CE
:040000050800B9C571
:00000001FF
